INSERT INTO itmob.user_right_types ( id, name, active ) VALUES ( 0, 'WKA6S1EO14X138550', false);
INSERT INTO itmob.user_right_types ( id, name, active ) VALUES ( 1, '4QALA8BS11P922064', false);
INSERT INTO itmob.user_right_types ( id, name, active ) VALUES ( 2, '3DX2849512D295923', true);
INSERT INTO itmob.user_right_types ( id, name, active ) VALUES ( 3, '5HSFQHJH11O403271', false);
INSERT INTO itmob.user_right_types ( id, name, active ) VALUES ( 4, 'WNS46E6X11L363837', false);
INSERT INTO itmob.event_types ( id, name, description, create_date, is_default ) VALUES ( 0, '3FAYA98Y14J351761', 'Anne is walking. Anne bought new car. Tony bought new car. John is shopping. John has free time. ', '2014-08-15', false );
INSERT INTO itmob.event_types ( id, name, description, create_date, is_default ) VALUES ( 1, '3WSA8BS215Y220644', 'Anne is walking. Anne is walking. John bought new car. Tony has free time. Anne has free time. ', '2011-04-01', false );
INSERT INTO itmob.event_types ( id, name, description, create_date, is_default ) VALUES ( 2, '5GAF4GW016D692343', 'John bought new car. John bought new car. John bought new car. Tony has free time. Anne has free time. ', '2001-06-02', false );
INSERT INTO itmob.event_types ( id, name, description, create_date, is_default ) VALUES ( 3, '1FXHJH1114A327155', 'John bought new car. Tony is walking. John is walking. John has free time. Tony has free time. ', '2016-02-08', false );
INSERT INTO itmob.event_types ( id, name, description, create_date, is_default ) VALUES ( 4, '2GS2ZUV110Q286759', 'Anne has free time. Anne bought new car. John is walking. John has free time. ', '2001-05-05', true );
INSERT INTO itmob.event_types ( id, name, description, create_date, is_default ) VALUES ( 5, '3YX6S21P15G363135', 'Anne bought new car. Anne is shopping. Tony is shopping. John is walking. Anne is walking. ', '2011-08-21', true );
INSERT INTO itmob.event_types ( id, name, description, create_date, is_default ) VALUES ( 6, '2WXLJHSW14W817491', 'John is walking. John has free time. ', '2015-05-13', false );
INSERT INTO itmob.event_types ( id, name, description, create_date, is_default ) VALUES ( 7, 'WOSZ68V718V251075', 'Anne bought new car. Tony bought new car. ', '2011-07-03', false );
INSERT INTO itmob.event_types ( id, name, description, create_date, is_default ) VALUES ( 8, 'WPS1TIW612T103761', 'Anne bought new car. Anne is shopping. John is shopping. John bought new car. John has free time. ', '2004-07-18', true );
INSERT INTO itmob.event_types ( id, name, description, create_date, is_default ) VALUES ( 9, 'WKSX41O118U004293', 'John bought new car. John is walking. Tony is walking. ', '2017-01-17', false );
INSERT INTO itmob.users ( id, login, "password", displayname, create_date, register_date, reg_confirmed, active ) VALUES ( 0, 'AbelWarren0806', '0ba8afc5-8d1e-c95d-02bd-2d6ae7ada718', 'Stephen', '2014-08-12', '2003-07-14', false, false );
INSERT INTO itmob.users ( id, login, "password", displayname, create_date, register_date, reg_confirmed, active ) VALUES ( 1, 'ErickValentine692', '07a19353-47bd-8c47-0e22-f3de8b778d6c', 'Abraham', '2018-02-24', NULL, false, false );
INSERT INTO itmob.users ( id, login, "password", displayname, create_date, register_date, reg_confirmed, active ) VALUES ( 2, 'JanicePayne462', '0df6d5f0-34e9-ec8f-0d8b-cc590efc17eb', 'Charlotte', '2018-05-17', '2009-10-11', false, true );
INSERT INTO itmob.users ( id, login, "password", displayname, create_date, register_date, reg_confirmed, active ) VALUES ( 3, 'GretchenMason051', '060aab4c-f98f-8bf0-064f-4b3e2711d137', 'Lynn', '2016-03-19', '2009-03-27', true, false );
INSERT INTO itmob.users ( id, login, "password", displayname, create_date, register_date, reg_confirmed, active ) VALUES ( 4, 'LawandaNoble5965529', '07ef4dc3-17d5-7c3e-0113-5200eb21051a', 'Erich', '2018-05-16', '2008-12-21', true, false );
INSERT INTO itmob.users ( id, login, "password", displayname, create_date, register_date, reg_confirmed, active ) VALUES ( 5, 'RobbieBaird827', '0054b67c-6fac-b5b4-028a-715d0dc222de', 'Dominick', '2004-05-09', '2013-12-14', false, true );
INSERT INTO itmob.users ( id, login, "password", displayname, create_date, register_date, reg_confirmed, active ) VALUES ( 6, 'CarlaCompton930', '08525cb1-12d5-e2d7-0977-b08f0d7ec57f', 'Cherie', '2013-08-04', '2005-07-22', false, true );
INSERT INTO itmob.users ( id, login, "password", displayname, create_date, register_date, reg_confirmed, active ) VALUES ( 7, 'HeathStafford18223', '028e6cf9-0bcf-cd3e-04e7-60b3dd628354', 'Ebony', '2005-09-08', '2015-03-14', false, false );
INSERT INTO itmob.users ( id, login, "password", displayname, create_date, register_date, reg_confirmed, active ) VALUES ( 8, 'KendraStevenson41968', '07e6ff36-d35a-8355-0c7c-dd2b34d72d5c', 'Arthur', '2001-07-26', '2004-05-20', true, true );
INSERT INTO itmob.users ( id, login, "password", displayname, create_date, register_date, reg_confirmed, active ) VALUES ( 9, 'BrandieChase0479', '0eb33a91-dece-bbae-0d42-62ddbefbc5cc', 'Debra', '2009-12-19', '2018-05-29', false, false );
INSERT INTO itmob.users ( id, login, "password", displayname, create_date, register_date, reg_confirmed, active ) VALUES ( 10, 'RoseKirk7313', '0aaf3c25-c720-09dc-0c44-b13a14058efe', 'Lara', '2000-06-30', '2017-09-20', false, false );
INSERT INTO itmob.users ( id, login, "password", displayname, create_date, register_date, reg_confirmed, active ) VALUES ( 11, 'ErnestLam76471', '0bdce4c4-2bbf-2ddb-030b-e7b2bb1ee792', 'Shelley', '2017-01-19', '2004-06-09', false, false );
INSERT INTO itmob.users ( id, login, "password", displayname, create_date, register_date, reg_confirmed, active ) VALUES ( 12, 'RandalJackson177', '0a31afbd-2112-955e-09cf-0ac864c1acf2', 'Otis', '2013-12-26', '2017-09-04', true, false );
INSERT INTO itmob.users ( id, login, "password", displayname, create_date, register_date, reg_confirmed, active ) VALUES ( 13, 'IsmaelHolt558', '06c15d67-43ed-935b-0245-06ad8dc12ea6', 'Rose', '2015-12-26', NULL, false, true );
INSERT INTO itmob.users ( id, login, "password", displayname, create_date, register_date, reg_confirmed, active ) VALUES ( 14, 'KeriWilliams34705', '0f90bc31-8467-c887-0abe-4e27bde8b6c4', 'Roxanne', '2016-02-06', '2006-05-03', false, true );
INSERT INTO itmob.users ( id, login, "password", displayname, create_date, register_date, reg_confirmed, active ) VALUES ( 15, 'CameronMiranda5302', '07eecce1-f8df-4611-0ebe-38ee6fcebcd8', 'Kendall', '2005-05-10', '2013-03-09', false, true );
INSERT INTO itmob.users ( id, login, "password", displayname, create_date, register_date, reg_confirmed, active ) VALUES ( 16, 'RobertaHarrison126', '0f44bf85-c739-2e6f-0a1c-81dbfe9e27ee', 'Emily', '2003-01-09', '2013-04-19', true, false );
INSERT INTO itmob.users ( id, login, "password", displayname, create_date, register_date, reg_confirmed, active ) VALUES ( 17, 'ColbyWilkerson114', '0f8e30e7-d4b2-6735-0289-b1e5560b2609', 'Damien', '2011-06-29', '2003-12-31', false, true );
INSERT INTO itmob.users ( id, login, "password", displayname, create_date, register_date, reg_confirmed, active ) VALUES ( 18, 'CorneliusJohnson4134', '0f394820-1687-efb5-0221-7b659edddeb6', 'Owen', '2018-06-29', '2013-04-18', true, true );
INSERT INTO itmob.users ( id, login, "password", displayname, create_date, register_date, reg_confirmed, active ) VALUES ( 19, 'TeddyHoover6191', '07797cf1-bd8a-e152-0de1-d3833bf2da76', 'Jim', '2008-05-29', '2001-03-15', false, false );
INSERT INTO itmob.users ( id, login, "password", displayname, create_date, register_date, reg_confirmed, active ) VALUES ( 20, 'LillianDuran394', '029dbe88-3e1e-82b1-0cf1-d33513746dbd', 'Dwight', '2015-04-11', '2009-10-16', true, true );
INSERT INTO itmob.users ( id, login, "password", displayname, create_date, register_date, reg_confirmed, active ) VALUES ( 21, 'DiannaOliver24022', '0a99b6b5-c1db-d1b2-0b11-5f04bc1b4ecf', 'Tonya', '2014-05-05', '2009-12-18', true, true );
INSERT INTO itmob.users ( id, login, "password", displayname, create_date, register_date, reg_confirmed, active ) VALUES ( 22, 'GeoffreyAguirre825', '01ec8be5-3eb4-667b-0747-f828d78ec9ed', 'Ramona', '2000-01-25', NULL, true, false );
INSERT INTO itmob.users ( id, login, "password", displayname, create_date, register_date, reg_confirmed, active ) VALUES ( 23, 'MelissaAtkinson1688686', '0bbe1f1d-dbbb-d8dc-0cd4-fe5ace250e13', 'Randall', '2010-09-01', '2000-10-20', true, true );
INSERT INTO itmob.users ( id, login, "password", displayname, create_date, register_date, reg_confirmed, active ) VALUES ( 24, 'MosesDowns309', '0c9e32b7-d065-e09a-0f9a-4778b7c0bcbc', 'Dena', '2014-09-23', '2013-08-29', false, false );
INSERT INTO itmob.users ( id, login, "password", displayname, create_date, register_date, reg_confirmed, active ) VALUES ( 25, 'FranklinJones7677107', '0e21b36d-85ec-eb65-02c0-5d4c0c9fd1c4', 'Randal', '2007-03-18', '2009-01-05', true, false );
INSERT INTO itmob.users ( id, login, "password", displayname, create_date, register_date, reg_confirmed, active ) VALUES ( 26, 'ArleneAndersen387177', '058acb4f-c0ae-bc73-0666-7d265a2717c4', 'Derrick', '2019-02-15', '2007-02-03', true, true );
INSERT INTO itmob.users ( id, login, "password", displayname, create_date, register_date, reg_confirmed, active ) VALUES ( 27, 'KathleenNovak676808', '03ad447b-4f5a-e2ea-05dd-cddcfb7c86a5', 'Clarissa', '2009-01-27', '2006-01-13', true, false );
INSERT INTO itmob.users ( id, login, "password", displayname, create_date, register_date, reg_confirmed, active ) VALUES ( 28, 'SheldonStuart66117', '0c5bc23f-4c26-d6de-0212-e273a1b438e5', 'Chester', '2016-06-21', '2002-07-05', true, true );
INSERT INTO itmob.users ( id, login, "password", displayname, create_date, register_date, reg_confirmed, active ) VALUES ( 29, 'IvanHumphrey560', '090b9f8c-2eed-eb4d-05bb-fb0664e3bef5', 'Audrey', '2002-08-03', '2006-12-29', true, true );
INSERT INTO itmob.users ( id, login, "password", displayname, create_date, register_date, reg_confirmed, active ) VALUES ( 30, 'AndreBush6686', '0b725e7b-cebb-8df7-0a68-b63cc178d4be', 'Marlon', '2003-10-10', '2013-11-05', true, false );
INSERT INTO itmob.users ( id, login, "password", displayname, create_date, register_date, reg_confirmed, active ) VALUES ( 31, 'JoniRoberts458682101', '08b36848-2ba3-2dfe-0dbb-5cfcdc81bb8b', 'Esmeralda', '2012-11-21', '2004-01-19', false, true );
INSERT INTO itmob.users ( id, login, "password", displayname, create_date, register_date, reg_confirmed, active ) VALUES ( 32, 'RexGalloway88285', '0dd62e73-adf5-e5b3-0dbd-9a2cb89cf4c6', 'Stephan', '2006-07-10', '2000-09-06', true, false );
INSERT INTO itmob.users ( id, login, "password", displayname, create_date, register_date, reg_confirmed, active ) VALUES ( 33, 'DwightPatton181', '0d398715-7ace-ae36-0bad-8c1c0bec262e', 'Bobbi', '2008-03-18', '2003-11-13', true, true );
INSERT INTO itmob.users ( id, login, "password", displayname, create_date, register_date, reg_confirmed, active ) VALUES ( 34, 'LucasRivers317', '0aa12c47-b7b7-684d-00ee-82fd7d8e6d2d', 'Sharon', '2015-01-12', '2004-08-24', false, false );
INSERT INTO itmob.users ( id, login, "password", displayname, create_date, register_date, reg_confirmed, active ) VALUES ( 35, 'ArnoldFrench4518', '06dc524c-e1ca-3e0d-0ecd-8e51d38a966d', 'Darren', '2003-10-12', '2000-10-07', true, false );
INSERT INTO itmob.users ( id, login, "password", displayname, create_date, register_date, reg_confirmed, active ) VALUES ( 36, 'KristenWilson9084', '0ddabec2-81ce-ad22-00bd-621c24ca7d23', 'Tammy', '2005-08-10', '2013-09-05', false, false );
INSERT INTO itmob.users ( id, login, "password", displayname, create_date, register_date, reg_confirmed, active ) VALUES ( 37, 'BobbiHaynes938', '015b4135-aef7-cf3f-0b0a-ce33eb15e84f', 'Deanna', '2009-01-08', '2011-08-31', true, true );
INSERT INTO itmob.users ( id, login, "password", displayname, create_date, register_date, reg_confirmed, active ) VALUES ( 38, 'CarlNunez840', '0c67b532-d2ca-cb7d-0e2a-db3cdc3e87e8', 'Charlotte', '2004-08-08', '2016-09-01', true, false );
INSERT INTO itmob.users ( id, login, "password", displayname, create_date, register_date, reg_confirmed, active ) VALUES ( 39, 'FrancesKeller835', '0d9abc95-ddec-e18c-0cb8-b4193943bcc7', 'Manuel', '2011-09-27', '2012-05-08', false, false );
INSERT INTO itmob.users ( id, login, "password", displayname, create_date, register_date, reg_confirmed, active ) VALUES ( 40, 'ElenaHuber599', '0b4b552f-b27e-1ddd-03c5-b732725ea747', 'Clyde', '2016-02-25', '2013-01-04', false, true );
INSERT INTO itmob.users ( id, login, "password", displayname, create_date, register_date, reg_confirmed, active ) VALUES ( 41, 'LuzOlson39141', '0d9b4189-f663-77ee-0f68-1e944656c08d', 'Abraham', '2014-09-21', '2005-06-23', false, false );
INSERT INTO itmob.users ( id, login, "password", displayname, create_date, register_date, reg_confirmed, active ) VALUES ( 42, 'JamiCuevas352', '020dedc6-2a56-adfe-09bd-4dafebb119c8', 'Tracey', '2015-03-09', '2014-01-20', true, true );
INSERT INTO itmob.users ( id, login, "password", displayname, create_date, register_date, reg_confirmed, active ) VALUES ( 43, 'RuthSimmons330', '0d5c12e1-e7ee-e6cf-0dcd-eeeabf12cb5a', 'Joyce', '2008-04-29', '2019-12-26', false, false );
INSERT INTO itmob.users ( id, login, "password", displayname, create_date, register_date, reg_confirmed, active ) VALUES ( 44, 'NoahNolan523', '0efc3d07-775f-ce20-084b-ce67cea2b986', 'Esmeralda', '2015-08-17', '2009-07-06', false, true );
INSERT INTO itmob.users ( id, login, "password", displayname, create_date, register_date, reg_confirmed, active ) VALUES ( 45, 'EmmaAnthony833', '0b2e9ecf-5c25-067d-06bf-fb5f76b87fe1', 'James', '2009-04-28', '2001-10-31', true, true );
INSERT INTO itmob.users ( id, login, "password", displayname, create_date, register_date, reg_confirmed, active ) VALUES ( 46, 'DamienMassey06591', '0b6f5e5c-3ca5-2a4c-08d7-2ed934e12a85', 'Tisha', '2017-11-10', '2017-02-27', true, true );
INSERT INTO itmob.users ( id, login, "password", displayname, create_date, register_date, reg_confirmed, active ) VALUES ( 47, 'CarolineNash588', '0ceccc4c-e2d1-ddf1-0477-b3ecba22def5', 'Milton', '2007-09-03', '2011-03-18', false, false );
INSERT INTO itmob.users ( id, login, "password", displayname, create_date, register_date, reg_confirmed, active ) VALUES ( 48, 'ElisabethCole8155', '01ba6dde-1c7c-c65f-0d64-ddf3be61c638', 'Dewayne', '2010-06-25', '2009-11-11', true, true );
INSERT INTO itmob.users ( id, login, "password", displayname, create_date, register_date, reg_confirmed, active ) VALUES ( 49, 'MorganSimon7353', '02e7d15d-3e7d-52cc-08f9-edb5dbdfc76f', 'Clarissa', '2015-08-19', '2016-09-22', false, true );
INSERT INTO itmob.users ( id, login, "password", displayname, create_date, register_date, reg_confirmed, active ) VALUES ( 50, 'CliffordDiaz881', '0b42f0cc-bd44-cbde-09b5-6cece5b7deac', 'Freddie', '2001-01-10', NULL, false, false );
INSERT INTO itmob.users ( id, login, "password", displayname, create_date, register_date, reg_confirmed, active ) VALUES ( 51, 'GuadalupePena719', '0b027d7c-5fdf-81fc-06b1-a230a6fcfd63', 'Shonda', '2017-04-08', '2011-04-27', true, false );
INSERT INTO itmob.users ( id, login, "password", displayname, create_date, register_date, reg_confirmed, active ) VALUES ( 52, 'SophiaArnold148', '0a9f4ccf-5c4a-bab8-0132-2c17ce61d8dd', 'Tameka', '2006-12-08', NULL, false, true );
INSERT INTO itmob.users ( id, login, "password", displayname, create_date, register_date, reg_confirmed, active ) VALUES ( 53, 'AngelaHorn711', '00ffd0fc-e970-b2c4-0dd8-84cdfd544d7d', 'Christine', '2002-06-26', '2003-09-08', false, true );
INSERT INTO itmob.users ( id, login, "password", displayname, create_date, register_date, reg_confirmed, active ) VALUES ( 54, 'ByronAllen626', '02e3eadf-c5b4-d1bb-063c-36b216d0edef', 'Tami', '2009-08-09', '2017-09-25', false, false );
INSERT INTO itmob.users ( id, login, "password", displayname, create_date, register_date, reg_confirmed, active ) VALUES ( 55, 'JesseGlover345', '03c5de34-5b52-94e1-06cd-b71daa5ab7b0', 'Kari', '2009-10-07', '2003-03-08', true, true );
INSERT INTO itmob.users ( id, login, "password", displayname, create_date, register_date, reg_confirmed, active ) VALUES ( 56, 'PaigeCooper6602', '0d02f71c-89ee-68be-010b-8be1062bad0c', 'Gabrielle', '2018-02-17', '2018-11-16', true, true );
INSERT INTO itmob.users ( id, login, "password", displayname, create_date, register_date, reg_confirmed, active ) VALUES ( 57, 'HermanWilliamson20658', '0b896eec-a82b-b62c-025d-4cbd813635cd', 'Bethany', '2003-08-17', '2011-08-06', false, false );
INSERT INTO itmob.users ( id, login, "password", displayname, create_date, register_date, reg_confirmed, active ) VALUES ( 58, 'ClarissaGiles43536', '0aedf2c7-bd8f-a5d7-085e-d64f0dee6dde', 'Douglas', '2011-05-30', NULL, true, false );
INSERT INTO itmob.users ( id, login, "password", displayname, create_date, register_date, reg_confirmed, active ) VALUES ( 59, 'LorettaMueller5147', '0f35ef5e-aca4-5654-0585-4d65d08fc104', 'Joe', '2010-10-07', NULL, false, true );
INSERT INTO itmob.users ( id, login, "password", displayname, create_date, register_date, reg_confirmed, active ) VALUES ( 60, 'AustinRivas50016881', '0b5ba217-9ec1-d85b-066c-54ebd2bf15fe', 'Camille', '2011-02-26', '2011-06-25', false, true );
INSERT INTO itmob.users ( id, login, "password", displayname, create_date, register_date, reg_confirmed, active ) VALUES ( 61, 'DeanaKline823', '069a0309-c1ac-cc6b-0d0b-6bc9ec18bb39', 'Corey', '2016-10-20', '2000-02-12', false, true );
INSERT INTO itmob.users ( id, login, "password", displayname, create_date, register_date, reg_confirmed, active ) VALUES ( 62, 'WilliamStout239', '05dc7de2-a2b4-3bdb-0bbf-dd6ecfa80cbd', 'Cassie', '2011-06-08', '2015-07-10', false, false );
INSERT INTO itmob.users ( id, login, "password", displayname, create_date, register_date, reg_confirmed, active ) VALUES ( 63, 'BridgettWoodard335', '0ce7c538-f8e6-bffb-01bf-468ddd6c98bd', 'Hilary', '2019-11-03', NULL, true, true );
INSERT INTO itmob.users ( id, login, "password", displayname, create_date, register_date, reg_confirmed, active ) VALUES ( 64, 'TamikoNovak87852', '0c8acb1d-4bfe-ccd8-047d-a16e11174373', 'Juanita', '2017-12-14', '2018-06-07', false, false );
INSERT INTO itmob.users ( id, login, "password", displayname, create_date, register_date, reg_confirmed, active ) VALUES ( 65, 'IrmaArnold312', '0cedb96f-f24b-4fab-03c5-5016c63e2128', 'Tami', '2010-10-29', '2002-04-06', false, false );
INSERT INTO itmob.users ( id, login, "password", displayname, create_date, register_date, reg_confirmed, active ) VALUES ( 66, 'KellieGalvan48917546377', '0da30d0d-e68c-8b16-0c8f-c87bc6f1dbae', 'Cassie', '2004-04-16', '2006-06-28', true, false );
INSERT INTO itmob.users ( id, login, "password", displayname, create_date, register_date, reg_confirmed, active ) VALUES ( 67, 'AlexRowland556451', '08eeef82-4448-1ab2-084e-41cacc39ae2a', 'Terry', '2017-05-08', '2008-12-30', false, false );
INSERT INTO itmob.users ( id, login, "password", displayname, create_date, register_date, reg_confirmed, active ) VALUES ( 68, 'WhitneyJennings3538', '0d73e8b3-0ef8-cc16-0bab-58d6265bb8b6', 'Alma', '2006-06-20', '2010-04-03', true, false );
INSERT INTO itmob.users ( id, login, "password", displayname, create_date, register_date, reg_confirmed, active ) VALUES ( 69, 'MarcPope586', '0c6d8117-a08f-c934-00ee-f2cd7b86d442', 'Sheryl', '2002-07-19', NULL, false, true );
INSERT INTO itmob.users ( id, login, "password", displayname, create_date, register_date, reg_confirmed, active ) VALUES ( 70, 'DwayneFlynn2079', '0ae4e3cd-1ecd-bedf-07dc-d133eccec121', 'Abraham', '2002-12-18', '2006-09-01', true, true );
INSERT INTO itmob.users ( id, login, "password", displayname, create_date, register_date, reg_confirmed, active ) VALUES ( 71, 'TheodoreMelton336', '0ef410a3-438f-52bd-0ce3-d83233285ed9', 'Mathew', '2010-02-11', '2015-05-26', true, false );
INSERT INTO itmob.users ( id, login, "password", displayname, create_date, register_date, reg_confirmed, active ) VALUES ( 72, 'JaysonShields7052', '0b9ed98e-acc1-5dcd-0cde-1b977cd07587', 'Jayson', '2013-08-13', '2019-06-05', true, false );
INSERT INTO itmob.users ( id, login, "password", displayname, create_date, register_date, reg_confirmed, active ) VALUES ( 73, 'LaurenSpencer875', '0e3eddf8-46ce-1d7c-07b3-e2116aee98de', 'Alvin', '2009-01-17', '2001-05-18', false, true );
INSERT INTO itmob.users ( id, login, "password", displayname, create_date, register_date, reg_confirmed, active ) VALUES ( 74, 'TimTaylor963', '02bb1dcc-fb34-5ef0-0e8b-78ba1bbe7bed', 'Esther', '2018-09-23', '2001-08-26', false, false );
INSERT INTO itmob.users ( id, login, "password", displayname, create_date, register_date, reg_confirmed, active ) VALUES ( 75, 'OmarSanders8192', '0f01d51b-d6a3-a78c-0d87-cc7c81513fde', 'Jorge', '2007-07-19', '2016-09-06', false, true );
INSERT INTO itmob.users ( id, login, "password", displayname, create_date, register_date, reg_confirmed, active ) VALUES ( 76, 'DarlaDalton164347', '0e59c1ff-d4c2-6bd7-0cfc-9f2811df6b25', 'Elisa', '2011-03-27', NULL, false, true );
INSERT INTO itmob.users ( id, login, "password", displayname, create_date, register_date, reg_confirmed, active ) VALUES ( 77, 'MelisaLi676', '0ea1d112-4fb1-eeea-0dce-deaa6d7cc348', 'Mary', '2011-04-07', '2009-09-16', false, false );
INSERT INTO itmob.users ( id, login, "password", displayname, create_date, register_date, reg_confirmed, active ) VALUES ( 78, 'RonGeorge396', '0bbc5d20-fe1b-6ece-072c-05018c39abef', 'Matt', '2005-11-05', '2008-06-05', false, true );
INSERT INTO itmob.users ( id, login, "password", displayname, create_date, register_date, reg_confirmed, active ) VALUES ( 79, 'HeidiPetty30926', '05c466b9-fe5e-bb11-0f54-b25d5e844ee8', 'Jennifer', '2016-07-31', '2009-04-08', true, true );
INSERT INTO itmob.users ( id, login, "password", displayname, create_date, register_date, reg_confirmed, active ) VALUES ( 80, 'JudithKane4384', '031de670-c8d6-1736-0deb-3558aacda12a', 'Alicia', '2016-04-07', NULL, false, true );
INSERT INTO itmob.users ( id, login, "password", displayname, create_date, register_date, reg_confirmed, active ) VALUES ( 81, 'WallaceSavage17545', '00ffc11c-bf60-b2dc-0d03-cffcadee3e43', 'Carrie', '2011-04-27', '2001-03-26', true, true );
INSERT INTO itmob.users ( id, login, "password", displayname, create_date, register_date, reg_confirmed, active ) VALUES ( 82, 'LuzGregory25943', '0f4e3b6a-f09a-efb2-0ac7-9124c724d812', 'Bradford', '2006-09-16', '2002-03-27', true, false );
INSERT INTO itmob.users ( id, login, "password", displayname, create_date, register_date, reg_confirmed, active ) VALUES ( 83, 'CariDillon562', '0418a67c-17c6-9de3-0fdb-92b28838cb83', 'Arturo', '2009-08-19', '2016-03-13', false, false );
INSERT INTO itmob.users ( id, login, "password", displayname, create_date, register_date, reg_confirmed, active ) VALUES ( 84, 'ReginaBlackburn4146', '06e6c8a3-8946-ceb7-0aa7-a07d3b532807', 'Tabitha', '2014-06-09', '2003-04-23', true, true );
INSERT INTO itmob.users ( id, login, "password", displayname, create_date, register_date, reg_confirmed, active ) VALUES ( 85, 'LatanyaKing128', '033ebdad-3737-cb35-0cce-f3eb6778dcce', 'Abigail', '2008-04-13', '2016-02-22', true, false );
INSERT INTO itmob.users ( id, login, "password", displayname, create_date, register_date, reg_confirmed, active ) VALUES ( 86, 'RudyMc Knight299', '015824cc-2ccd-bfbf-0ed6-1b64635a5b17', 'Roberto', '2012-04-29', '2015-04-04', true, false );
INSERT INTO itmob.users ( id, login, "password", displayname, create_date, register_date, reg_confirmed, active ) VALUES ( 87, 'LewisMaxwell17308553', '095e19bd-9bed-ddeb-089b-78c2bbfebdf3', 'Maribel', '2003-01-08', '2016-08-18', false, false );
INSERT INTO itmob.users ( id, login, "password", displayname, create_date, register_date, reg_confirmed, active ) VALUES ( 88, 'JasminePadilla5157', '07676164-7b3a-7087-0673-f1feefc13cc2', 'Nathaniel', '2014-05-03', '2007-03-22', false, false );
INSERT INTO itmob.users ( id, login, "password", displayname, create_date, register_date, reg_confirmed, active ) VALUES ( 89, 'LauraCaldwell286', '0abd7bca-b53b-a123-0dd6-586bdd3d36dc', 'Maureen', '2016-10-27', '2002-05-25', false, true );
INSERT INTO itmob.users ( id, login, "password", displayname, create_date, register_date, reg_confirmed, active ) VALUES ( 90, 'DustinClements103426', '026ab17b-e538-cbc7-0601-0ce41a7aacbb', 'Dawn', '2001-02-22', '2005-05-25', false, false );
INSERT INTO itmob.users ( id, login, "password", displayname, create_date, register_date, reg_confirmed, active ) VALUES ( 91, 'JulianHeath621', '0dfc44dd-b255-ce6d-06fa-5440dfcebcc3', 'Earl', '2013-05-03', '2002-12-04', false, false );
INSERT INTO itmob.users ( id, login, "password", displayname, create_date, register_date, reg_confirmed, active ) VALUES ( 92, 'KirstenDickerson1563', '0d7fd26a-bcb8-4fea-005c-27ae4babf6c7', 'David', '2009-01-02', '2018-06-01', true, true );
INSERT INTO itmob.users ( id, login, "password", displayname, create_date, register_date, reg_confirmed, active ) VALUES ( 93, 'RickeyDoyle685', '0fde362b-db2d-c67c-0a1e-2b504cd3f3bc', 'Andre', '2014-06-19', '2010-09-10', true, true );
INSERT INTO itmob.users ( id, login, "password", displayname, create_date, register_date, reg_confirmed, active ) VALUES ( 94, 'WesleyNichols549', '0dc5de9d-d96d-1ee3-0f43-b7fe113af402', 'Ricardo', '2010-08-29', '2008-07-12', true, true );
INSERT INTO itmob.users ( id, login, "password", displayname, create_date, register_date, reg_confirmed, active ) VALUES ( 95, 'BrentHanson85532', '0bf5dcd2-6675-be35-07ea-c6272853adc7', 'Ernesto', '2011-10-17', '2008-11-22', true, false );
INSERT INTO itmob.users ( id, login, "password", displayname, create_date, register_date, reg_confirmed, active ) VALUES ( 96, 'KurtWade8553', '0b3eb4fd-ce5d-1e8b-0e7c-d737d50cea39', 'Joe', '2012-06-19', '2010-03-11', true, false );
INSERT INTO itmob.users ( id, login, "password", displayname, create_date, register_date, reg_confirmed, active ) VALUES ( 97, 'SonyaWatkins343643', '0ae8495b-ce8e-e7e4-010c-d08f4bda9549', 'Kristy', '2000-02-01', '2011-10-03', false, false );
INSERT INTO itmob.users ( id, login, "password", displayname, create_date, register_date, reg_confirmed, active ) VALUES ( 98, 'CassandraFischer5735', '01d94dfd-4c25-3ed2-04d2-ae206fdc423b', 'Lakesha', '2013-10-11', '2019-05-25', false, true );
INSERT INTO itmob.users ( id, login, "password", displayname, create_date, register_date, reg_confirmed, active ) VALUES ( 99, 'BobbieHill4723', '0c2324e5-ced6-b54b-0364-bc424e8226f1', 'Maureen', '2019-10-25', '2017-04-13', false, true );
INSERT INTO itmob.user_details ( user_id, about, address, city, sex, birth_date, email ) VALUES ( 0, 'Tony has free time. Anne is walking. Tony bought new car. Tony bought new car. Tony is shopping. ', '84 West Rocky Old Street', 'Fort Wayne', 'M', '2003-07-14', 'jftf@b-d-un.com' );
INSERT INTO itmob.user_details ( user_id, about, address, city, sex, birth_date, email ) VALUES ( 1, 'Tony is shopping. John has free time. Tony is walking. ', '60 North Rocky Clarendon Street', NULL, 'M', NULL, 'pvgg7@---k--.net' );
INSERT INTO itmob.user_details ( user_id, about, address, city, sex, birth_date, email ) VALUES ( 2, 'Anne has free time. Anne has free time. John is walking. John bought new car. Tony has free time. ', NULL, 'Tulsa', 'F', '2009-10-11', 'iips.opcwen@g---x-.com' );
INSERT INTO itmob.user_details ( user_id, about, address, city, sex, birth_date, email ) VALUES ( 3, 'Tony bought new car. Anne bought new car. Anne is walking. John has free time. John has free time. ', '38 West Rocky Hague Road', 'Omaha', 'F', '2009-03-27', 'mtgq3@c-fs-k.net' );
INSERT INTO itmob.user_details ( user_id, about, address, city, sex, birth_date, email ) VALUES ( 4, 'Anne is walking. Anne has free time. John is shopping. Tony bought new car. Tony has free time. ', '72 East Rocky Nobel Avenue', 'Baton Rouge', 'M', '2008-12-21', 'mjck243@m--o--.net' );
INSERT INTO itmob.user_details ( user_id, about, address, city, sex, birth_date, email ) VALUES ( 5, 'John is shopping. Anne is walking. John has free time. Anne bought new car. John has free time. ', '60 East Green First Drive', 'Grand Rapids', 'F', '2013-12-14', 'nmpsj@----vb.org' );
INSERT INTO itmob.user_details ( user_id, about, address, city, sex, birth_date, email ) VALUES ( 6, NULL, '923 West White Hague Road', 'Baltimore', 'F', '2005-07-22', 'lesh.nfpe@qdlgu-.net' );
INSERT INTO itmob.user_details ( user_id, about, address, city, sex, birth_date, email ) VALUES ( 7, 'John is shopping. Tony has free time. John is walking. John bought new car. Anne has free time. ', '372 North Rocky Milton Blvd.', NULL, 'F', '2015-03-14', 'dbtk43@w-u---.net' );
INSERT INTO itmob.user_details ( user_id, about, address, city, sex, birth_date, email ) VALUES ( 8, NULL, '39 West Rocky Cowley Road', NULL, 'F', '2004-05-20', 'ewhm.wrrv@----w-.org' );
INSERT INTO itmob.user_details ( user_id, about, address, city, sex, birth_date, email ) VALUES ( 9, 'Tony bought new car. Anne is shopping. Tony bought new car. ', '68 North Green Oak Freeway', 'Jackson', 'M', '2018-05-29', 'xeakj9@v-ab-h.com' );
INSERT INTO itmob.user_details ( user_id, about, address, city, sex, birth_date, email ) VALUES ( 10, 'Anne bought new car. Tony bought new car. John bought new car. Tony bought new car. John has free time. ', '24 East Green New Street', 'Yonkers', 'M', '2017-09-20', 'jhpt1@-r-pqo.com' );
INSERT INTO itmob.user_details ( user_id, about, address, city, sex, birth_date, email ) VALUES ( 11, 'Tony is walking. Tony has free time. Anne has free time. Tony bought new car. Tony has free time. ', '41 West Green Cowley Freeway', 'Honolulu', 'M', '2004-06-09', 'idon@bs--p-.com' );
INSERT INTO itmob.user_details ( user_id, about, address, city, sex, birth_date, email ) VALUES ( 12, 'John is shopping. John is shopping. ', '22 South Green First Drive', 'Long Beach', 'F', '2017-09-04', 'rkox2@pm-p-q.net' );
INSERT INTO itmob.user_details ( user_id, about, address, city, sex, birth_date, email ) VALUES ( 13, 'John bought new car. Anne is walking. Tony is shopping. Anne is walking. Tony is shopping. ', '355 South Rocky Hague Blvd.', 'Anaheim', 'M', NULL, 'aicj@-i-vsv.org' );
INSERT INTO itmob.user_details ( user_id, about, address, city, sex, birth_date, email ) VALUES ( 14, 'John bought new car. Anne bought new car. ', '346 South Green Oak Road', NULL, 'F', '2006-05-03', 'ihog6@-h--as.com' );
INSERT INTO itmob.user_details ( user_id, about, address, city, sex, birth_date, email ) VALUES ( 15, 'John is shopping. Anne is shopping. Anne bought new car. Tony has free time. Tony has free time. ', '10 North Rocky Hague Way', 'Shreveport', 'M', '2013-03-09', 'hyzc@-----q.com' );
INSERT INTO itmob.user_details ( user_id, about, address, city, sex, birth_date, email ) VALUES ( 16, 'Anne is walking. Anne bought new car. Tony has free time. Tony has free time. Anne bought new car. ', '85 North Rocky Hague Parkway', 'Akron', 'M', '2013-04-19', 'vkll65@j----j.com' );
INSERT INTO itmob.user_details ( user_id, about, address, city, sex, birth_date, email ) VALUES ( 17, 'Anne bought new car. Anne has free time. Tony bought new car. John is walking. Tony bought new car. ', '31 South Green Milton Freeway', 'Minneapolis', 'F', '2003-12-31', 'hrhv5@--f---.com' );
INSERT INTO itmob.user_details ( user_id, about, address, city, sex, birth_date, email ) VALUES ( 18, 'Anne bought new car. Tony is walking. ', '48 West Green Milton Way', 'Philadelphia', 'F', '2013-04-18', 'uttd@qc-ws-.com' );
INSERT INTO itmob.user_details ( user_id, about, address, city, sex, birth_date, email ) VALUES ( 19, 'Anne bought new car. Anne is walking. John is walking. Tony is shopping. ', '769 North Green Fabien Avenue', NULL, 'M', '2001-03-15', 'fpsyf.fxuju@b---y-.org' );
INSERT INTO itmob.user_details ( user_id, about, address, city, sex, birth_date, email ) VALUES ( 20, 'Anne is shopping. Tony has free time. ', '833 East Green Hague Way', 'Raleigh', 'M', '2009-10-16', 'myec5@v--eyb.net' );
INSERT INTO itmob.user_details ( user_id, about, address, city, sex, birth_date, email ) VALUES ( 21, 'Anne bought new car. Anne bought new car. John bought new car. John has free time. John is shopping. ', '678 West White Nobel Freeway', 'Boston', 'M', '2009-12-18', 'mbgz@-o--yq.org' );
INSERT INTO itmob.user_details ( user_id, about, address, city, sex, birth_date, email ) VALUES ( 22, 'Anne bought new car. Anne is shopping. Tony bought new car. ', '615 East Green Second Road', NULL, 'M', NULL, 'jctg@-m-v--.org' );
INSERT INTO itmob.user_details ( user_id, about, address, city, sex, birth_date, email ) VALUES ( 23, 'John is walking. Anne has free time. Anne has free time. Tony has free time. Anne has free time. ', '92 East White Hague Freeway', 'Long Beach', 'F', '2000-10-20', 'vnou.cwkepl@-tv---.com' );
INSERT INTO itmob.user_details ( user_id, about, address, city, sex, birth_date, email ) VALUES ( 24, 'Tony has free time. Anne is shopping. John bought new car. ', '206 South Green Second St.', 'Seattle', 'F', '2013-08-29', 'tzmpn@s--u--.net' );
INSERT INTO itmob.user_details ( user_id, about, address, city, sex, birth_date, email ) VALUES ( 25, 'John has free time. Tony is walking. ', '122 North Rocky Milton Blvd.', 'Philadelphia', 'M', '2009-01-05', 'eujf644@-blvr-.org' );
INSERT INTO itmob.user_details ( user_id, about, address, city, sex, birth_date, email ) VALUES ( 26, 'Anne bought new car. Anne bought new car. Tony bought new car. ', NULL, 'Hialeah', 'M', '2007-02-03', 'hidc06@--w-wh.com' );
INSERT INTO itmob.user_details ( user_id, about, address, city, sex, birth_date, email ) VALUES ( 27, 'Anne has free time. John is shopping. Anne has free time. Tony has free time. Anne has free time. ', NULL, 'Oakland', 'F', '2006-01-13', 'pbgw@-ork-w.org' );
INSERT INTO itmob.user_details ( user_id, about, address, city, sex, birth_date, email ) VALUES ( 28, 'John bought new car. Anne is shopping. John has free time. ', NULL, 'Shreveport', 'F', '2002-07-05', 'jzph@-cz-tu.org' );
INSERT INTO itmob.user_details ( user_id, about, address, city, sex, birth_date, email ) VALUES ( 29, 'Anne is walking. Tony is shopping. John has free time. Anne has free time. Anne bought new car. ', '226 North Green Second Freeway', 'Atlanta', 'M', '2006-12-29', 'muxm@pw-oxc.org' );
INSERT INTO itmob.user_details ( user_id, about, address, city, sex, birth_date, email ) VALUES ( 30, 'Anne bought new car. John is shopping. Anne is shopping. John is shopping. Anne bought new car. ', '88 East White Fabien Way', 'Madison', NULL, '2013-11-05', 'vprf@-dz--m.org' );
INSERT INTO itmob.user_details ( user_id, about, address, city, sex, birth_date, email ) VALUES ( 31, 'John is shopping. Anne bought new car. Tony has free time. John is walking. ', '83 South White Second Drive', 'Oakland', 'F', '2004-01-19', 'lllq@x-bvg-.net' );
INSERT INTO itmob.user_details ( user_id, about, address, city, sex, birth_date, email ) VALUES ( 32, 'John is walking. Anne is walking. ', '63 West Rocky Milton Freeway', 'Tulsa', 'M', '2000-09-06', 'ptul@ku----.net' );
INSERT INTO itmob.user_details ( user_id, about, address, city, sex, birth_date, email ) VALUES ( 33, NULL, NULL, 'Shreveport', NULL, '2003-11-13', 'qaenk360@--i-ib.org' );
INSERT INTO itmob.user_details ( user_id, about, address, city, sex, birth_date, email ) VALUES ( 34, 'Anne is walking. Tony bought new car. Tony bought new car. John is shopping. ', NULL, 'Milwaukee', 'M', '2004-08-24', 'nnni694@g-ifw-.com' );
INSERT INTO itmob.user_details ( user_id, about, address, city, sex, birth_date, email ) VALUES ( 35, 'Tony has free time. Tony has free time. John has free time. ', '241 West Green Second Boulevard', 'Santa Ana', 'M', '2000-10-07', 'vzor@y-xj-r.net' );
INSERT INTO itmob.user_details ( user_id, about, address, city, sex, birth_date, email ) VALUES ( 36, 'John bought new car. Anne has free time. ', '31 North Green Milton Way', 'Milwaukee', 'M', '2013-09-05', 'wprs@--ulkd.net' );
INSERT INTO itmob.user_details ( user_id, about, address, city, sex, birth_date, email ) VALUES ( 37, 'John is shopping. Anne is walking. Anne bought new car. John has free time. ', '748 South White Hague Freeway', 'Spokane', 'M', '2011-08-31', 'ssjjf3@-ohx-h.net' );
INSERT INTO itmob.user_details ( user_id, about, address, city, sex, birth_date, email ) VALUES ( 38, 'Anne has free time. Tony is walking. ', '16 West White New Blvd.', 'Nashville', 'F', '2016-09-01', 'ljdt3@-j----.com' );
INSERT INTO itmob.user_details ( user_id, about, address, city, sex, birth_date, email ) VALUES ( 39, 'Tony bought new car. Anne is walking. ', '40 East Rocky Cowley Way', 'El Paso', 'M', '2012-05-08', 'ujuu@-pej--.net' );
INSERT INTO itmob.user_details ( user_id, about, address, city, sex, birth_date, email ) VALUES ( 40, 'Anne is walking. Anne has free time. John is walking. Tony bought new car. John has free time. ', '148 West Green Milton Boulevard', 'Cleveland', 'M', '2013-01-04', 'yodi402@r-nmj-.com' );
INSERT INTO itmob.user_details ( user_id, about, address, city, sex, birth_date, email ) VALUES ( 41, 'Anne has free time. John bought new car. John has free time. John has free time. John has free time. ', '237 South Rocky Fabien Freeway', 'Memphis', NULL, '2005-06-23', 'kplychx.ohdx@r-b---.net' );
INSERT INTO itmob.user_details ( user_id, about, address, city, sex, birth_date, email ) VALUES ( 42, 'John has free time. Tony bought new car. ', '16 South Rocky Second St.', 'Colorado', 'M', '2014-01-20', 'uecm278@hysi-k.net' );
INSERT INTO itmob.user_details ( user_id, about, address, city, sex, birth_date, email ) VALUES ( 43, 'Anne is walking. Anne bought new car. Tony bought new car. ', '257 North Rocky Oak Road', 'Albuquerque', 'M', '2019-12-26', 'jspt.hfboc@-----v.com' );
INSERT INTO itmob.user_details ( user_id, about, address, city, sex, birth_date, email ) VALUES ( 44, 'Anne has free time. Anne is walking. Tony bought new car. Anne has free time. Anne has free time. ', '724 South Green Clarendon Road', 'Grand Rapids', 'F', '2009-07-06', 'kpptg383@--mnpb.org' );
INSERT INTO itmob.user_details ( user_id, about, address, city, sex, birth_date, email ) VALUES ( 45, 'Anne bought new car. Anne is walking. Tony is shopping. Tony bought new car. Tony has free time. ', '64 West Green Cowley Boulevard', 'Oakland', 'F', '2001-10-31', 'wmvk@g-k-lz.org' );
INSERT INTO itmob.user_details ( user_id, about, address, city, sex, birth_date, email ) VALUES ( 46, 'Anne has free time. Anne bought new car. Tony is shopping. John is shopping. Anne has free time. ', '70 South Rocky Second Boulevard', 'Arlington', 'M', '2017-02-27', 'ival@---p--.net' );
INSERT INTO itmob.user_details ( user_id, about, address, city, sex, birth_date, email ) VALUES ( 47, 'Anne is walking. Anne is shopping. Anne has free time. ', '827 South White Second Parkway', 'Glendale', 'F', '2011-03-18', 'ntpu@------.org' );
INSERT INTO itmob.user_details ( user_id, about, address, city, sex, birth_date, email ) VALUES ( 48, 'Anne has free time. John is shopping. John bought new car. Anne has free time. Tony has free time. ', '64 North Green Milton Avenue', NULL, 'F', '2009-11-11', 'xtbgm61@jc--wf.com' );
INSERT INTO itmob.user_details ( user_id, about, address, city, sex, birth_date, email ) VALUES ( 49, 'Anne bought new car. Anne bought new car. Tony bought new car. John has free time. Anne has free time. ', '93 North Green New Road', 'El Paso', 'M', '2016-09-22', 'jsgy5@dgsw--.net' );
INSERT INTO itmob.user_details ( user_id, about, address, city, sex, birth_date, email ) VALUES ( 50, 'Anne has free time. Tony is shopping. Tony is walking. Tony is walking. Anne is shopping. ', NULL, 'Miami', 'M', NULL, 'tkjo@a-sqmv.com' );
INSERT INTO itmob.user_details ( user_id, about, address, city, sex, birth_date, email ) VALUES ( 51, 'Anne is walking. John has free time. Tony is walking. Anne bought new car. ', '24 South Green Milton Parkway', 'Milwaukee', 'F', '2011-04-27', 'qxqqf@m-at-x.net' );
INSERT INTO itmob.user_details ( user_id, about, address, city, sex, birth_date, email ) VALUES ( 52, 'Tony is shopping. Anne bought new car. Anne bought new car. Anne is walking. John bought new car. ', '31 North Rocky Old St.', 'Akron', NULL, NULL, 'wjlw@-fm--b.com' );
INSERT INTO itmob.user_details ( user_id, about, address, city, sex, birth_date, email ) VALUES ( 53, 'Anne bought new car. John is shopping. ', '353 East Green Clarendon Freeway', 'New Orleans', 'F', '2003-09-08', 'hzxh@-wab-c.com' );
INSERT INTO itmob.user_details ( user_id, about, address, city, sex, birth_date, email ) VALUES ( 54, 'Anne bought new car. John is walking. Anne bought new car. Anne is walking. John bought new car. ', '91 South Rocky Oak Parkway', 'Aurora', NULL, '2017-09-25', 'cuig6@-u----.com' );
INSERT INTO itmob.user_details ( user_id, about, address, city, sex, birth_date, email ) VALUES ( 55, 'Tony has free time. Anne bought new car. ', NULL, 'Buffalo', 'F', '2003-03-08', 'klwg.vszj@-sh-i-.org' );
INSERT INTO itmob.user_details ( user_id, about, address, city, sex, birth_date, email ) VALUES ( 56, 'Tony has free time. Anne is walking. John is shopping. Anne bought new car. Tony bought new car. ', '83 North Green Milton Road', 'Long Beach', 'F', '2018-11-16', 'fied.qzsx@-wz-ft.org' );
INSERT INTO itmob.user_details ( user_id, about, address, city, sex, birth_date, email ) VALUES ( 57, 'Anne bought new car. Tony bought new car. John bought new car. Anne has free time. Tony has free time. ', '84 East Green Fabien Drive', 'San Francisco', 'M', '2011-08-06', 'woeo@-w----.net' );
INSERT INTO itmob.user_details ( user_id, about, address, city, sex, birth_date, email ) VALUES ( 58, 'Anne bought new car. John is shopping. John bought new car. Tony has free time. John is shopping. ', '373 North Rocky Nobel Freeway', NULL, 'F', NULL, 'uylr@-fcf--.org' );
INSERT INTO itmob.user_details ( user_id, about, address, city, sex, birth_date, email ) VALUES ( 59, 'John is walking. Anne is shopping. Tony bought new car. Anne has free time. Tony has free time. ', '87 West White New Street', 'Seattle', 'M', NULL, 'pvzs10@ojfo--.net' );
INSERT INTO itmob.user_details ( user_id, about, address, city, sex, birth_date, email ) VALUES ( 60, 'John is shopping. Anne bought new car. ', '54 West Green Second Road', 'Oakland', 'M', '2011-06-25', 'btznr@---p-e.com' );
INSERT INTO itmob.user_details ( user_id, about, address, city, sex, birth_date, email ) VALUES ( 61, 'Anne has free time. Tony has free time. Anne bought new car. Tony has free time. Tony is shopping. ', '37 West Rocky Fabien Way', NULL, 'M', '2000-02-12', 'osvl3@---r-b.net' );
INSERT INTO itmob.user_details ( user_id, about, address, city, sex, birth_date, email ) VALUES ( 62, NULL, '175 East White Nobel Road', 'Las Vegas', 'F', '2015-07-10', 'fsjb@swg--e.com' );
INSERT INTO itmob.user_details ( user_id, about, address, city, sex, birth_date, email ) VALUES ( 63, 'Anne bought new car. John has free time. John bought new car. John is shopping. Tony bought new car. ', '879 West Rocky New Freeway', 'Fremont', 'M', NULL, 'roaw.oxyk@jkqv--.com' );
INSERT INTO itmob.user_details ( user_id, about, address, city, sex, birth_date, email ) VALUES ( 64, 'John bought new car. Anne is walking. Anne bought new car. John has free time. ', '95 South Green Milton St.', 'Mesa', 'M', '2018-06-07', 'bibi52@---t-i.com' );
INSERT INTO itmob.user_details ( user_id, about, address, city, sex, birth_date, email ) VALUES ( 65, 'Tony is walking. Anne is shopping. John bought new car. John is walking. Tony has free time. ', '12 North White New Avenue', 'Mobile', 'F', '2002-04-06', 'mqpy79@-m-mqz.org' );
INSERT INTO itmob.user_details ( user_id, about, address, city, sex, birth_date, email ) VALUES ( 66, 'Tony has free time. Anne bought new car. Tony bought new car. ', '348 North Green Old Boulevard', 'Newark', 'M', '2006-06-28', 'qnrl60@p--i-r.net' );
INSERT INTO itmob.user_details ( user_id, about, address, city, sex, birth_date, email ) VALUES ( 67, NULL, '58 North Green Second Blvd.', NULL, 'F', '2008-12-30', 'qdied.zjewzp@-r----.com' );
INSERT INTO itmob.user_details ( user_id, about, address, city, sex, birth_date, email ) VALUES ( 68, 'Anne is walking. Anne bought new car. Tony bought new car. Anne has free time. John has free time. ', '41 South White Hague Freeway', 'Jersey', 'F', '2010-04-03', 'ryjt634@-----p.com' );
INSERT INTO itmob.user_details ( user_id, about, address, city, sex, birth_date, email ) VALUES ( 69, 'John has free time. Anne is walking. ', '53 East White Hague Parkway', 'Cleveland', 'M', NULL, 'vpvv.tely@k-c--j.com' );
INSERT INTO itmob.user_details ( user_id, about, address, city, sex, birth_date, email ) VALUES ( 70, 'Anne bought new car. Anne has free time. ', '55 North Green Hague Boulevard', 'Oakland', 'F', '2006-09-01', 'umgis@v-wv-u.net' );
INSERT INTO itmob.user_details ( user_id, about, address, city, sex, birth_date, email ) VALUES ( 71, 'John bought new car. Tony is walking. John has free time. Anne has free time. John has free time. ', '222 South Green Hague Freeway', 'Toledo', 'F', '2015-05-26', 'osqr9@-v-foe.com' );
INSERT INTO itmob.user_details ( user_id, about, address, city, sex, birth_date, email ) VALUES ( 72, 'Anne bought new car. John has free time. Tony bought new car. ', '91 South Rocky Milton Drive', 'Garland', 'M', '2019-06-05', 'swsf6@vnnbd.o-iok-.net' );
INSERT INTO itmob.user_details ( user_id, about, address, city, sex, birth_date, email ) VALUES ( 73, 'Tony has free time. Anne is shopping. Anne has free time. Anne is walking. John has free time. ', '22 South White Hague Avenue', 'Fresno', 'F', '2001-05-18', 'khyi@-cox-u.com' );
INSERT INTO itmob.user_details ( user_id, about, address, city, sex, birth_date, email ) VALUES ( 74, 'Tony bought new car. Tony has free time. ', '786 West Green Oak Drive', 'Des Moines', 'M', '2001-08-26', 'wwml9@r-ype-.org' );
INSERT INTO itmob.user_details ( user_id, about, address, city, sex, birth_date, email ) VALUES ( 75, 'Anne bought new car. Tony has free time. John bought new car. John is walking. Anne has free time. ', '37 South Green First Drive', NULL, 'F', '2016-09-06', 'imts@-----s.net' );
INSERT INTO itmob.user_details ( user_id, about, address, city, sex, birth_date, email ) VALUES ( 76, 'Anne bought new car. Anne bought new car. John is walking. Anne is shopping. John has free time. ', '737 South White Fabien Street', 'Tulsa', 'F', NULL, 'qxoj.wmjc@--b---.net' );
INSERT INTO itmob.user_details ( user_id, about, address, city, sex, birth_date, email ) VALUES ( 77, 'John is walking. Anne has free time. John is walking. Tony bought new car. Tony has free time. ', '51 North Green Hague Way', 'Dallas', 'M', '2009-09-16', 'kmgv@lg--ly.com' );
INSERT INTO itmob.user_details ( user_id, about, address, city, sex, birth_date, email ) VALUES ( 78, NULL, '77 West White Fabien Street', 'Denver', 'F', '2008-06-05', 'vebe66@vc----.org' );
INSERT INTO itmob.user_details ( user_id, about, address, city, sex, birth_date, email ) VALUES ( 79, 'John is walking. Anne is walking. Anne has free time. John bought new car. Tony bought new car. ', '644 West Green Hague Freeway', NULL, 'F', '2009-04-08', 'vtsk343@-nwfbd.com' );
INSERT INTO itmob.user_details ( user_id, about, address, city, sex, birth_date, email ) VALUES ( 80, 'Anne bought new car. Anne has free time. Tony bought new car. John is shopping. Anne has free time. ', '40 South Rocky Second Road', 'Colorado', 'M', NULL, 'plfb6@--rj--.net' );
INSERT INTO itmob.user_details ( user_id, about, address, city, sex, birth_date, email ) VALUES ( 81, 'Anne has free time. Tony is shopping. Tony bought new car. Tony is shopping. ', '934 West White New St.', 'Las Vegas', NULL, '2001-03-26', 'bqpvb1@q-v--p.com' );
INSERT INTO itmob.user_details ( user_id, about, address, city, sex, birth_date, email ) VALUES ( 82, 'Anne bought new car. Anne is walking. Tony has free time. Tony bought new car. ', '69 West Green Hague Boulevard', 'Tucson', 'F', '2002-03-27', 'mishy@w-gd--.com' );
INSERT INTO itmob.user_details ( user_id, about, address, city, sex, birth_date, email ) VALUES ( 83, 'Tony bought new car. John has free time. John is walking. ', NULL, 'Tulsa', 'M', '2016-03-13', 'tvwv@yxd-q-.net' );
INSERT INTO itmob.user_details ( user_id, about, address, city, sex, birth_date, email ) VALUES ( 84, 'John has free time. Anne is shopping. Tony has free time. Tony bought new car. John has free time. ', '576 South White Old Drive', 'Rochester', 'F', '2003-04-23', 'xhvh.rkzad@s-----.com' );
INSERT INTO itmob.user_details ( user_id, about, address, city, sex, birth_date, email ) VALUES ( 85, 'Anne has free time. Anne has free time. ', '825 North Rocky Hague Blvd.', 'Pittsburgh', 'M', '2016-02-22', 'xlnw@--l-ow.org' );
INSERT INTO itmob.user_details ( user_id, about, address, city, sex, birth_date, email ) VALUES ( 86, 'Anne bought new car. Anne is shopping. ', '47 West White Hague St.', 'Oakland', 'F', '2015-04-04', 'lppi.bmlfv@p-g---.net' );
INSERT INTO itmob.user_details ( user_id, about, address, city, sex, birth_date, email ) VALUES ( 87, 'John is walking. Tony bought new car. Tony is shopping. Tony has free time. John is walking. ', '577 North Green Second Freeway', NULL, NULL, '2016-08-18', 'xogs@g-pvsw.net' );
INSERT INTO itmob.user_details ( user_id, about, address, city, sex, birth_date, email ) VALUES ( 88, 'Tony bought new car. Tony is walking. Tony is shopping. Tony is shopping. John is shopping. ', '40 East White Cowley Road', NULL, 'M', '2007-03-22', 'kojr@giet-m.com' );
INSERT INTO itmob.user_details ( user_id, about, address, city, sex, birth_date, email ) VALUES ( 89, NULL, '286 South White Hague Parkway', 'Jackson', 'F', '2002-05-25', 'lvyt@h-rc-d.org' );
INSERT INTO itmob.user_details ( user_id, about, address, city, sex, birth_date, email ) VALUES ( 90, 'Anne has free time. Anne is shopping. ', '777 North Rocky Old Avenue', 'Arlington', 'F', '2005-05-25', 'lrug453@-blc--.org' );
INSERT INTO itmob.user_details ( user_id, about, address, city, sex, birth_date, email ) VALUES ( 91, 'Tony is walking. Anne is walking. John has free time. Anne has free time. Tony bought new car. ', '637 South Rocky Nobel Avenue', NULL, 'F', '2002-12-04', 'rxws7@qu-eyo.org' );
INSERT INTO itmob.user_details ( user_id, about, address, city, sex, birth_date, email ) VALUES ( 92, 'John bought new car. Tony bought new car. John is walking. John has free time. Anne has free time. ', '128 West White Hague Avenue', 'Milwaukee', 'M', '2018-06-01', 'pvfg@------.com' );
INSERT INTO itmob.user_details ( user_id, about, address, city, sex, birth_date, email ) VALUES ( 93, 'John bought new car. Anne has free time. Tony bought new car. Anne has free time. Tony bought new car. ', '947 West Green Oak Road', 'Aurora', 'M', '2010-09-10', 'atxm@v--t-q.org' );
INSERT INTO itmob.user_details ( user_id, about, address, city, sex, birth_date, email ) VALUES ( 94, 'Tony bought new car. Anne is shopping. Anne bought new car. Tony is shopping. ', '77 South White Nobel Freeway', 'Albuquerque', 'M', '2008-07-12', 'xqlz@-s----.net' );
INSERT INTO itmob.user_details ( user_id, about, address, city, sex, birth_date, email ) VALUES ( 95, 'John bought new car. Anne is shopping. Anne is walking. ', '85 North Green Hague Freeway', 'Madison', 'M', '2008-11-22', 'dynwu4@--r-nu.com' );
INSERT INTO itmob.user_details ( user_id, about, address, city, sex, birth_date, email ) VALUES ( 96, 'Anne has free time. John is walking. John bought new car. John bought new car. John is walking. ', '814 North Rocky Hague Freeway', 'Madison', 'M', '2010-03-11', 'ionc@-y---n.net' );
INSERT INTO itmob.user_details ( user_id, about, address, city, sex, birth_date, email ) VALUES ( 97, NULL, '587 East Green New Boulevard', 'Hialeah', 'M', '2011-10-03', 'fybx5@nho---.com' );
INSERT INTO itmob.user_details ( user_id, about, address, city, sex, birth_date, email ) VALUES ( 98, 'Anne bought new car. Anne has free time. John bought new car. Tony is walking. Tony is walking. ', '388 East Rocky Oak Freeway', 'Philadelphia', 'M', '2019-05-25', 'tvdl.vrurs@e-on-y.com' );
INSERT INTO itmob.user_details ( user_id, about, address, city, sex, birth_date, email ) VALUES ( 99, 'Tony bought new car. John bought new car. ', '30 South Rocky Hague Freeway', 'Rochester', 'M', '2017-04-13', 'cdxn4@----iv.com' );
INSERT INTO itmob.user_messages ( id, recipient_id, sender_id, message, create_date ) VALUES ( 0, 73, 73, 'Anne bought new car. Tony is walking. John bought new car. Rudi watches football. I watches football. ', '2014-08-12' );
INSERT INTO itmob.user_messages ( id, recipient_id, sender_id, message, create_date ) VALUES ( 1, 41, 90, 'John bought new car. Anne has free time. Rudi like sports. ', '2018-02-24' );
INSERT INTO itmob.user_messages ( id, recipient_id, sender_id, message, create_date ) VALUES ( 2, 20, 49, 'Anne bought new car. Tony has free time. Tony is walking. Rudi loves flowers. Mike like swimming. ', '2018-05-17' );
INSERT INTO itmob.user_messages ( id, recipient_id, sender_id, message, create_date ) VALUES ( 3, 33, 98, 'Anne bought new car. John is walking. I loves flowers. Rudi watches football. ', '2016-03-19' );
INSERT INTO itmob.user_messages ( id, recipient_id, sender_id, message, create_date ) VALUES ( 4, 96, 85, 'Anne bought new car. John is walking. I loves flowers. ', '2018-05-16' );
INSERT INTO itmob.user_messages ( id, recipient_id, sender_id, message, create_date ) VALUES ( 5, 0, 98, 'John bought new car. John is walking. Mike like swimming. Rudi like sports. ', '2004-05-09' );
INSERT INTO itmob.user_messages ( id, recipient_id, sender_id, message, create_date ) VALUES ( 6, 96, 22, 'Anne is walking. Anne has free time. John bought new car. Rudi like swimming. I loves flowers. ', '2013-08-04' );
INSERT INTO itmob.user_messages ( id, recipient_id, sender_id, message, create_date ) VALUES ( 7, 93, 7, 'Tony bought new car. John is walking. Rudi watches football. Rudi watches football. ', '2005-09-08' );
INSERT INTO itmob.user_messages ( id, recipient_id, sender_id, message, create_date ) VALUES ( 8, 94, 74, 'Anne is walking. John bought new car. Rudi watches football. ', '2001-07-26' );
INSERT INTO itmob.user_messages ( id, recipient_id, sender_id, message, create_date ) VALUES ( 9, 93, 94, 'Tony bought new car. Tony bought new car. I watches football. I watches football. ', '2009-12-19' );
INSERT INTO itmob.user_messages ( id, recipient_id, sender_id, message, create_date ) VALUES ( 10, 39, 3, 'Anne is walking. Anne bought new car. John bought new car. Anne has free time. Anne is walking. I watches football. Rudi like sports. ', '2000-06-30' );
INSERT INTO itmob.user_messages ( id, recipient_id, sender_id, message, create_date ) VALUES ( 11, 34, 69, 'Anne bought new car. John has free time. Rudi watches football. ', '2017-01-19' );
INSERT INTO itmob.user_messages ( id, recipient_id, sender_id, message, create_date ) VALUES ( 12, 29, 85, 'Anne bought new car. Tony bought new car. Anne is walking. I watches football. Mike like swimming. ', '2013-12-26' );
INSERT INTO itmob.user_messages ( id, recipient_id, sender_id, message, create_date ) VALUES ( 13, 50, 5, 'Tony is walking. Anne is shopping. Rudi watches football. Rudi loves flowers. ', '2015-12-26' );
INSERT INTO itmob.user_messages ( id, recipient_id, sender_id, message, create_date ) VALUES ( 14, 11, 40, 'Anne has free time. Anne is shopping. John is shopping. Rudi loves flowers. Rudi watches football. ', '2016-02-06' );
INSERT INTO itmob.user_messages ( id, recipient_id, sender_id, message, create_date ) VALUES ( 15, 77, 35, 'Tony bought new car. John bought new car. Anne is walking. Tony has free time. Anne has free time. Rudi like sports. Rudi like sports. ', '2005-05-10' );
INSERT INTO itmob.user_messages ( id, recipient_id, sender_id, message, create_date ) VALUES ( 16, 65, 99, 'John bought new car. Anne has free time. I watches football. Rudi loves flowers. ', '2003-01-09' );
INSERT INTO itmob.user_messages ( id, recipient_id, sender_id, message, create_date ) VALUES ( 17, 15, 56, 'John bought new car. Tony bought new car. Anne bought new car. Anne bought new car. Rudi loves flowers. Rudi watches football. ', '2011-06-29' );
INSERT INTO itmob.user_messages ( id, recipient_id, sender_id, message, create_date ) VALUES ( 18, 37, 47, 'John is shopping. John is walking. John bought new car. Rudi watches football. Rudi loves flowers. ', '2018-06-29' );
INSERT INTO itmob.user_messages ( id, recipient_id, sender_id, message, create_date ) VALUES ( 19, 13, 4, 'Tony bought new car. John is shopping. Tony has free time. John has free time. I watches football. I watches football. ', '2008-05-29' );
INSERT INTO itmob.user_messages ( id, recipient_id, sender_id, message, create_date ) VALUES ( 20, 69, 58, 'Tony bought new car. Anne is walking. John bought new car. Rudi watches football. Mike like swimming. ', '2015-04-11' );
INSERT INTO itmob.user_messages ( id, recipient_id, sender_id, message, create_date ) VALUES ( 21, 80, 85, 'Anne is shopping. Tony bought new car. Rudi like sports. Rudi loves flowers. ', '2014-05-05' );
INSERT INTO itmob.user_messages ( id, recipient_id, sender_id, message, create_date ) VALUES ( 22, 0, 22, 'John is walking. Anne has free time. Anne bought new car. Anne has free time. Anne has free time. Mike loves flowers. Mike loves flowers. ', '2000-01-25' );
INSERT INTO itmob.user_messages ( id, recipient_id, sender_id, message, create_date ) VALUES ( 23, 52, 15, 'Anne is walking. Tony is shopping. Rudi watches football. Mike watches football. ', '2010-09-01' );
INSERT INTO itmob.user_messages ( id, recipient_id, sender_id, message, create_date ) VALUES ( 24, 74, 96, 'Anne has free time. Tony has free time. Tony bought new car. Anne bought new car. John has free time. Rudi watches football. ', '2014-09-23' );
INSERT INTO itmob.user_messages ( id, recipient_id, sender_id, message, create_date ) VALUES ( 25, 14, 23, 'John has free time. John bought new car. Anne has free time. Rudi loves flowers. I watches football. ', '2007-03-18' );
INSERT INTO itmob.user_messages ( id, recipient_id, sender_id, message, create_date ) VALUES ( 26, 48, 61, 'John bought new car. Anne bought new car. John bought new car. Anne has free time. Tony bought new car. Rudi loves flowers. Rudi loves flowers. ', '2019-02-15' );
INSERT INTO itmob.user_messages ( id, recipient_id, sender_id, message, create_date ) VALUES ( 27, 54, 60, 'Anne bought new car. Tony is walking. Mike like sports. Mike loves flowers. ', '2009-01-27' );
INSERT INTO itmob.user_messages ( id, recipient_id, sender_id, message, create_date ) VALUES ( 28, 57, 24, 'Anne bought new car. John has free time. Anne has free time. I watches football. Mike like sports. ', '2016-06-21' );
INSERT INTO itmob.user_messages ( id, recipient_id, sender_id, message, create_date ) VALUES ( 29, 20, 83, 'John bought new car. Anne is walking. Rudi watches football. I loves flowers. ', '2002-08-03' );
INSERT INTO itmob.user_messages ( id, recipient_id, sender_id, message, create_date ) VALUES ( 30, 62, 68, 'Anne has free time. Anne is shopping. Anne is shopping. Tony is shopping. John bought new car. Mike watches football. Mike watches football. ', '2003-10-10' );
INSERT INTO itmob.user_messages ( id, recipient_id, sender_id, message, create_date ) VALUES ( 31, 18, 79, 'John has free time. Tony is shopping. I watches football. ', '2012-11-21' );
INSERT INTO itmob.user_messages ( id, recipient_id, sender_id, message, create_date ) VALUES ( 32, 1, 12, 'Anne has free time. Anne has free time. Anne bought new car. I loves flowers. Mike watches football. ', '2006-07-10' );
INSERT INTO itmob.user_messages ( id, recipient_id, sender_id, message, create_date ) VALUES ( 33, 16, 10, 'John has free time. John is shopping. Anne bought new car. John bought new car. John is shopping. Mike watches football. ', '2008-03-18' );
INSERT INTO itmob.user_messages ( id, recipient_id, sender_id, message, create_date ) VALUES ( 34, 17, 3, 'Anne bought new car. Anne has free time. Mike like swimming. Rudi loves flowers. ', '2015-01-12' );
INSERT INTO itmob.user_messages ( id, recipient_id, sender_id, message, create_date ) VALUES ( 35, 54, 93, 'Tony is walking. Tony has free time. Anne bought new car. Mike watches football. Rudi watches football. ', '2003-10-12' );
INSERT INTO itmob.user_messages ( id, recipient_id, sender_id, message, create_date ) VALUES ( 36, 97, 26, 'John is walking. John has free time. Mike watches football. Rudi watches football. ', '2005-08-10' );
INSERT INTO itmob.user_messages ( id, recipient_id, sender_id, message, create_date ) VALUES ( 37, 24, 55, 'Anne bought new car. Tony has free time. Mike watches football. Mike loves flowers. ', '2009-01-08' );
INSERT INTO itmob.user_messages ( id, recipient_id, sender_id, message, create_date ) VALUES ( 38, 39, 22, 'John has free time. Anne is shopping. Rudi like sports. Rudi watches football. ', '2004-08-08' );
INSERT INTO itmob.user_messages ( id, recipient_id, sender_id, message, create_date ) VALUES ( 39, 21, 14, 'Anne has free time. Tony bought new car. Anne bought new car. Mike like sports. ', '2011-09-27' );
INSERT INTO itmob.user_messages ( id, recipient_id, sender_id, message, create_date ) VALUES ( 40, 43, 5, 'Tony bought new car. Anne bought new car. I loves flowers. ', '2016-02-25' );
INSERT INTO itmob.user_messages ( id, recipient_id, sender_id, message, create_date ) VALUES ( 41, 23, 13, 'Tony bought new car. Anne has free time. I loves flowers. ', '2014-09-21' );
INSERT INTO itmob.user_messages ( id, recipient_id, sender_id, message, create_date ) VALUES ( 42, 88, 5, 'Tony bought new car. Anne bought new car. Mike watches football. Mike watches football. ', '2015-03-09' );
INSERT INTO itmob.user_messages ( id, recipient_id, sender_id, message, create_date ) VALUES ( 43, 3, 46, 'John bought new car. Tony is walking. Rudi loves flowers. Rudi watches football. ', '2008-04-29' );
INSERT INTO itmob.user_messages ( id, recipient_id, sender_id, message, create_date ) VALUES ( 44, 59, 46, 'John is walking. Anne is shopping. Rudi watches football. Rudi loves flowers. ', '2015-08-17' );
INSERT INTO itmob.user_messages ( id, recipient_id, sender_id, message, create_date ) VALUES ( 45, 65, 25, 'Anne has free time. Tony has free time. I like swimming. I like swimming. ', '2009-04-28' );
INSERT INTO itmob.user_messages ( id, recipient_id, sender_id, message, create_date ) VALUES ( 46, 11, 78, 'Anne has free time. Anne is shopping. Anne is walking. Anne has free time. Mike loves flowers. Rudi loves flowers. ', '2017-11-10' );
INSERT INTO itmob.user_messages ( id, recipient_id, sender_id, message, create_date ) VALUES ( 47, 65, 77, 'John bought new car. Anne is shopping. Mike like swimming. Mike watches football. ', '2007-09-03' );
INSERT INTO itmob.user_messages ( id, recipient_id, sender_id, message, create_date ) VALUES ( 48, 98, 34, 'Anne has free time. Anne bought new car. Mike watches football. ', '2010-06-25' );
INSERT INTO itmob.user_messages ( id, recipient_id, sender_id, message, create_date ) VALUES ( 49, 20, 72, 'Anne is shopping. John bought new car. Tony bought new car. Anne bought new car. John has free time. I watches football. Mike watches football. ', '2015-08-19' );
INSERT INTO itmob.user_messages ( id, recipient_id, sender_id, message, create_date ) VALUES ( 50, 37, 88, 'Anne has free time. Anne has free time. Tony bought new car. John bought new car. John is shopping. I loves flowers. I watches football. ', '2001-01-10' );
INSERT INTO itmob.user_messages ( id, recipient_id, sender_id, message, create_date ) VALUES ( 51, 46, 42, 'Anne bought new car. Anne bought new car. I like swimming. Mike like swimming. ', '2017-04-08' );
INSERT INTO itmob.user_messages ( id, recipient_id, sender_id, message, create_date ) VALUES ( 52, 33, 16, 'Anne bought new car. Tony bought new car. I loves flowers. Rudi watches football. ', '2006-12-08' );
INSERT INTO itmob.user_messages ( id, recipient_id, sender_id, message, create_date ) VALUES ( 53, 44, 15, 'Tony bought new car. Anne has free time. Mike loves flowers. Rudi watches football. ', '2002-06-26' );
INSERT INTO itmob.user_messages ( id, recipient_id, sender_id, message, create_date ) VALUES ( 54, 50, 17, 'John is shopping. Tony is shopping. Rudi watches football. ', '2009-08-09' );
INSERT INTO itmob.user_messages ( id, recipient_id, sender_id, message, create_date ) VALUES ( 55, 99, 56, 'Anne bought new car. Anne bought new car. I watches football. Rudi watches football. ', '2009-10-07' );
INSERT INTO itmob.user_messages ( id, recipient_id, sender_id, message, create_date ) VALUES ( 56, 63, 9, 'Tony is walking. Tony is walking. Mike watches football. Mike watches football. ', '2018-02-17' );
INSERT INTO itmob.user_messages ( id, recipient_id, sender_id, message, create_date ) VALUES ( 57, 90, 16, 'Anne is shopping. Anne has free time. Rudi like sports. Rudi loves flowers. ', '2003-08-17' );
INSERT INTO itmob.user_messages ( id, recipient_id, sender_id, message, create_date ) VALUES ( 58, 50, 63, 'Anne bought new car. John has free time. John bought new car. I watches football. I watches football. ', '2011-05-30' );
INSERT INTO itmob.user_messages ( id, recipient_id, sender_id, message, create_date ) VALUES ( 59, 49, 52, 'Anne bought new car. John is walking. Rudi watches football. Rudi watches football. ', '2010-10-07' );
INSERT INTO itmob.user_messages ( id, recipient_id, sender_id, message, create_date ) VALUES ( 60, 42, 2, 'Tony has free time. Tony is walking. Anne has free time. Rudi watches football. I watches football. ', '2011-02-26' );
INSERT INTO itmob.user_messages ( id, recipient_id, sender_id, message, create_date ) VALUES ( 61, 30, 55, 'John has free time. Tony has free time. I watches football. I watches football. ', '2016-10-20' );
INSERT INTO itmob.user_messages ( id, recipient_id, sender_id, message, create_date ) VALUES ( 62, 71, 59, 'John has free time. Anne has free time. Mike loves flowers. ', '2011-06-08' );
INSERT INTO itmob.user_messages ( id, recipient_id, sender_id, message, create_date ) VALUES ( 63, 96, 48, 'John is shopping. John has free time. Rudi like swimming. Mike loves flowers. ', '2019-11-03' );
INSERT INTO itmob.user_messages ( id, recipient_id, sender_id, message, create_date ) VALUES ( 64, 20, 90, 'Anne has free time. Anne is shopping. Anne bought new car. I watches football. Mike watches football. ', '2017-12-14' );
INSERT INTO itmob.user_messages ( id, recipient_id, sender_id, message, create_date ) VALUES ( 65, 17, 4, 'Anne bought new car. Anne is shopping. Tony is shopping. Rudi watches football. Mike watches football. ', '2010-10-29' );
INSERT INTO itmob.user_messages ( id, recipient_id, sender_id, message, create_date ) VALUES ( 66, 54, 46, 'John bought new car. Tony is walking. John is walking. Anne is walking. Mike watches football. Mike watches football. ', '2004-04-16' );
INSERT INTO itmob.user_messages ( id, recipient_id, sender_id, message, create_date ) VALUES ( 67, 55, 39, 'Anne is walking. John has free time. John has free time. I watches football. Rudi watches football. ', '2017-05-08' );
INSERT INTO itmob.user_messages ( id, recipient_id, sender_id, message, create_date ) VALUES ( 68, 58, 80, 'Tony bought new car. Anne is shopping. I like swimming. Rudi watches football. ', '2006-06-20' );
INSERT INTO itmob.user_messages ( id, recipient_id, sender_id, message, create_date ) VALUES ( 69, 78, 32, 'Anne is walking. John is shopping. John bought new car. Mike watches football. ', '2002-07-19' );
INSERT INTO itmob.user_messages ( id, recipient_id, sender_id, message, create_date ) VALUES ( 70, 69, 66, 'Tony bought new car. Anne is shopping. Anne has free time. John is walking. John has free time. I like swimming. Mike watches football. ', '2002-12-18' );
INSERT INTO itmob.user_messages ( id, recipient_id, sender_id, message, create_date ) VALUES ( 71, 20, 73, 'John bought new car. Anne has free time. John bought new car. John has free time. Anne has free time. I watches football. Rudi loves flowers. ', '2010-02-11' );
INSERT INTO itmob.user_messages ( id, recipient_id, sender_id, message, create_date ) VALUES ( 72, 25, 70, 'Anne has free time. John bought new car. John is shopping. Rudi watches football. I like swimming. ', '2013-08-13' );
INSERT INTO itmob.user_messages ( id, recipient_id, sender_id, message, create_date ) VALUES ( 73, 77, 53, 'Anne bought new car. Anne is shopping. Rudi loves flowers. ', '2009-01-17' );
INSERT INTO itmob.user_messages ( id, recipient_id, sender_id, message, create_date ) VALUES ( 74, 22, 0, 'Anne has free time. John bought new car. Mike watches football. Rudi like sports. ', '2018-09-23' );
INSERT INTO itmob.user_messages ( id, recipient_id, sender_id, message, create_date ) VALUES ( 75, 98, 94, 'John bought new car. Anne is walking. I like sports. Mike watches football. ', '2007-07-19' );
INSERT INTO itmob.user_messages ( id, recipient_id, sender_id, message, create_date ) VALUES ( 76, 80, 36, 'John bought new car. Tony has free time. Mike loves flowers. Mike like sports. ', '2011-03-27' );
INSERT INTO itmob.user_messages ( id, recipient_id, sender_id, message, create_date ) VALUES ( 77, 83, 62, 'Anne bought new car. Anne has free time. Anne bought new car. Anne has free time. John bought new car. Rudi like sports. Mike watches football. ', '2011-04-07' );
INSERT INTO itmob.user_messages ( id, recipient_id, sender_id, message, create_date ) VALUES ( 78, 16, 17, 'John is shopping. Anne is shopping. Tony bought new car. Anne has free time. Rudi watches football. ', '2005-11-05' );
INSERT INTO itmob.user_messages ( id, recipient_id, sender_id, message, create_date ) VALUES ( 79, 63, 49, 'Anne bought new car. Anne bought new car. I watches football. Rudi watches football. ', '2016-07-31' );
INSERT INTO itmob.user_rights ( user_id, right_id ) VALUES ( 0, 3 );
INSERT INTO itmob.user_rights ( user_id, right_id ) VALUES ( 1, 2 );
INSERT INTO itmob.user_rights ( user_id, right_id ) VALUES ( 2, 1 );
INSERT INTO itmob.user_rights ( user_id, right_id ) VALUES ( 3, 1 );
INSERT INTO itmob.user_rights ( user_id, right_id ) VALUES ( 4, 4 );
INSERT INTO itmob.user_rights ( user_id, right_id ) VALUES ( 5, 0 );
INSERT INTO itmob.user_rights ( user_id, right_id ) VALUES ( 6, 4 );
INSERT INTO itmob.user_rights ( user_id, right_id ) VALUES ( 7, 4 );
INSERT INTO itmob.user_rights ( user_id, right_id ) VALUES ( 8, 4 );
INSERT INTO itmob.user_rights ( user_id, right_id ) VALUES ( 9, 4 );
INSERT INTO itmob.user_rights ( user_id, right_id ) VALUES ( 10, 1 );
INSERT INTO itmob.user_rights ( user_id, right_id ) VALUES ( 11, 1 );
INSERT INTO itmob.user_rights ( user_id, right_id ) VALUES ( 12, 1 );
INSERT INTO itmob.user_rights ( user_id, right_id ) VALUES ( 13, 2 );
INSERT INTO itmob.user_rights ( user_id, right_id ) VALUES ( 14, 0 );
INSERT INTO itmob.user_rights ( user_id, right_id ) VALUES ( 15, 3 );
INSERT INTO itmob.user_rights ( user_id, right_id ) VALUES ( 16, 3 );
INSERT INTO itmob.user_rights ( user_id, right_id ) VALUES ( 17, 0 );
INSERT INTO itmob.user_rights ( user_id, right_id ) VALUES ( 18, 1 );
INSERT INTO itmob.user_rights ( user_id, right_id ) VALUES ( 19, 0 );
INSERT INTO itmob.user_rights ( user_id, right_id ) VALUES ( 20, 3 );
INSERT INTO itmob.user_rights ( user_id, right_id ) VALUES ( 21, 4 );
INSERT INTO itmob.user_rights ( user_id, right_id ) VALUES ( 22, 0 );
INSERT INTO itmob.user_rights ( user_id, right_id ) VALUES ( 23, 2 );
INSERT INTO itmob.user_rights ( user_id, right_id ) VALUES ( 24, 3 );
INSERT INTO itmob.user_rights ( user_id, right_id ) VALUES ( 25, 0 );
INSERT INTO itmob.user_rights ( user_id, right_id ) VALUES ( 26, 2 );
INSERT INTO itmob.user_rights ( user_id, right_id ) VALUES ( 27, 2 );
INSERT INTO itmob.user_rights ( user_id, right_id ) VALUES ( 28, 2 );
INSERT INTO itmob.user_rights ( user_id, right_id ) VALUES ( 29, 1 );
INSERT INTO itmob.user_rights ( user_id, right_id ) VALUES ( 30, 3 );
INSERT INTO itmob.user_rights ( user_id, right_id ) VALUES ( 31, 0 );
INSERT INTO itmob.user_rights ( user_id, right_id ) VALUES ( 32, 0 );
INSERT INTO itmob.user_rights ( user_id, right_id ) VALUES ( 33, 0 );
INSERT INTO itmob.user_rights ( user_id, right_id ) VALUES ( 34, 0 );
INSERT INTO itmob.user_rights ( user_id, right_id ) VALUES ( 35, 2 );
INSERT INTO itmob.user_rights ( user_id, right_id ) VALUES ( 36, 4 );
INSERT INTO itmob.user_rights ( user_id, right_id ) VALUES ( 37, 1 );
INSERT INTO itmob.user_rights ( user_id, right_id ) VALUES ( 38, 1 );
INSERT INTO itmob.user_rights ( user_id, right_id ) VALUES ( 39, 1 );
INSERT INTO itmob.user_rights ( user_id, right_id ) VALUES ( 40, 2 );
INSERT INTO itmob.user_rights ( user_id, right_id ) VALUES ( 41, 1 );
INSERT INTO itmob.user_rights ( user_id, right_id ) VALUES ( 42, 4 );
INSERT INTO itmob.user_rights ( user_id, right_id ) VALUES ( 43, 0 );
INSERT INTO itmob.user_rights ( user_id, right_id ) VALUES ( 44, 2 );
INSERT INTO itmob.user_rights ( user_id, right_id ) VALUES ( 45, 3 );
INSERT INTO itmob.user_rights ( user_id, right_id ) VALUES ( 46, 0 );
INSERT INTO itmob.user_rights ( user_id, right_id ) VALUES ( 47, 3 );
INSERT INTO itmob.user_rights ( user_id, right_id ) VALUES ( 48, 4 );
INSERT INTO itmob.user_rights ( user_id, right_id ) VALUES ( 49, 1 );
INSERT INTO itmob.user_rights ( user_id, right_id ) VALUES ( 50, 1 );
INSERT INTO itmob.user_rights ( user_id, right_id ) VALUES ( 51, 2 );
INSERT INTO itmob.user_rights ( user_id, right_id ) VALUES ( 52, 1 );
INSERT INTO itmob.user_rights ( user_id, right_id ) VALUES ( 53, 2 );
INSERT INTO itmob.user_rights ( user_id, right_id ) VALUES ( 54, 2 );
INSERT INTO itmob.user_rights ( user_id, right_id ) VALUES ( 55, 4 );
INSERT INTO itmob.user_rights ( user_id, right_id ) VALUES ( 56, 3 );
INSERT INTO itmob.user_rights ( user_id, right_id ) VALUES ( 57, 4 );
INSERT INTO itmob.user_rights ( user_id, right_id ) VALUES ( 58, 2 );
INSERT INTO itmob.user_rights ( user_id, right_id ) VALUES ( 59, 2 );
INSERT INTO itmob.user_rights ( user_id, right_id ) VALUES ( 60, 2 );
INSERT INTO itmob.user_rights ( user_id, right_id ) VALUES ( 61, 1 );
INSERT INTO itmob.user_rights ( user_id, right_id ) VALUES ( 62, 3 );
INSERT INTO itmob.user_rights ( user_id, right_id ) VALUES ( 63, 4 );
INSERT INTO itmob.user_rights ( user_id, right_id ) VALUES ( 64, 1 );
INSERT INTO itmob.user_rights ( user_id, right_id ) VALUES ( 65, 0 );
INSERT INTO itmob.user_rights ( user_id, right_id ) VALUES ( 66, 2 );
INSERT INTO itmob.user_rights ( user_id, right_id ) VALUES ( 67, 2 );
INSERT INTO itmob.user_rights ( user_id, right_id ) VALUES ( 68, 2 );
INSERT INTO itmob.user_rights ( user_id, right_id ) VALUES ( 69, 3 );
INSERT INTO itmob.user_rights ( user_id, right_id ) VALUES ( 70, 3 );
INSERT INTO itmob.user_rights ( user_id, right_id ) VALUES ( 71, 1 );
INSERT INTO itmob.user_rights ( user_id, right_id ) VALUES ( 72, 1 );
INSERT INTO itmob.user_rights ( user_id, right_id ) VALUES ( 73, 3 );
INSERT INTO itmob.user_rights ( user_id, right_id ) VALUES ( 74, 1 );
INSERT INTO itmob.user_rights ( user_id, right_id ) VALUES ( 75, 4 );
INSERT INTO itmob.user_rights ( user_id, right_id ) VALUES ( 76, 4 );
INSERT INTO itmob.user_rights ( user_id, right_id ) VALUES ( 77, 4 );
INSERT INTO itmob.user_rights ( user_id, right_id ) VALUES ( 78, 0 );
INSERT INTO itmob.user_rights ( user_id, right_id ) VALUES ( 79, 3 );
INSERT INTO itmob.user_rights ( user_id, right_id ) VALUES ( 80, 0 );
INSERT INTO itmob.user_rights ( user_id, right_id ) VALUES ( 81, 3 );
INSERT INTO itmob.user_rights ( user_id, right_id ) VALUES ( 82, 1 );
INSERT INTO itmob.user_rights ( user_id, right_id ) VALUES ( 83, 4 );
INSERT INTO itmob.user_rights ( user_id, right_id ) VALUES ( 84, 3 );
INSERT INTO itmob.user_rights ( user_id, right_id ) VALUES ( 85, 3 );
INSERT INTO itmob.user_rights ( user_id, right_id ) VALUES ( 86, 2 );
INSERT INTO itmob.user_rights ( user_id, right_id ) VALUES ( 87, 4 );
INSERT INTO itmob.user_rights ( user_id, right_id ) VALUES ( 88, 0 );
INSERT INTO itmob.user_rights ( user_id, right_id ) VALUES ( 89, 3 );
INSERT INTO itmob.user_rights ( user_id, right_id ) VALUES ( 90, 4 );
INSERT INTO itmob.user_rights ( user_id, right_id ) VALUES ( 91, 0 );
INSERT INTO itmob.user_rights ( user_id, right_id ) VALUES ( 92, 3 );
INSERT INTO itmob.user_rights ( user_id, right_id ) VALUES ( 93, 2 );
INSERT INTO itmob.user_rights ( user_id, right_id ) VALUES ( 94, 0 );
INSERT INTO itmob.user_rights ( user_id, right_id ) VALUES ( 95, 3 );
INSERT INTO itmob.user_rights ( user_id, right_id ) VALUES ( 96, 0 );
INSERT INTO itmob.user_rights ( user_id, right_id ) VALUES ( 97, 2 );
INSERT INTO itmob.user_rights ( user_id, right_id ) VALUES ( 98, 0 );
INSERT INTO itmob.user_rights ( user_id, right_id ) VALUES ( 99, 0 );
INSERT INTO itmob.events ( id, event, description, create_date, owner_id, event_date, event_type ) VALUES ( 0, 'Rapzapin Direct Company', 'Anne is walking. Anne bought new car. Tony bought new car. John is shopping. John has free time. ', '2014-08-15', 73, '2014-08-11', 7 );
INSERT INTO itmob.events ( id, event, description, create_date, owner_id, event_date, event_type ) VALUES ( 1, 'Klibanollover WorldWide Company', 'Anne is walking. Anne is walking. John bought new car. Tony has free time. Anne has free time. ', '2011-04-01', 91, '2003-07-14', 5 );
INSERT INTO itmob.events ( id, event, description, create_date, owner_id, event_date, event_type ) VALUES ( 2, 'Klierplar WorldWide Group', 'John bought new car. John bought new car. John bought new car. Tony has free time. Anne has free time. ', '2001-06-02', 91, '2001-10-06', 7 );
INSERT INTO itmob.events ( id, event, description, create_date, owner_id, event_date, event_type ) VALUES ( 3, 'Unkiledax Holdings ', 'John bought new car. Tony is walking. John is walking. John has free time. Tony has free time. ', '2016-02-08', 67, '2012-03-27', 1 );
INSERT INTO itmob.events ( id, event, description, create_date, owner_id, event_date, event_type ) VALUES ( 4, 'Frozapanor Holdings Corp.', 'Anne has free time. Anne bought new car. John is walking. John has free time. ', '2001-05-05', 7, '2009-10-11', 3 );
INSERT INTO itmob.events ( id, event, description, create_date, owner_id, event_date, event_type ) VALUES ( 5, 'Zeerobedor WorldWide Corp.', 'Anne bought new car. Anne is shopping. Tony is shopping. John is walking. Anne is walking. ', '2011-08-21', 2, '2018-11-25', 6 );
INSERT INTO itmob.events ( id, event, description, create_date, owner_id, event_date, event_type ) VALUES ( 6, 'Parvenepicator Holdings Inc', 'John is walking. John has free time. ', '2015-05-13', 69, '2009-03-27', 5 );
INSERT INTO itmob.events ( id, event, description, create_date, owner_id, event_date, event_type ) VALUES ( 7, 'Endglibamentor Holdings Company', 'Anne bought new car. Tony bought new car. ', '2011-07-03', 80, '2016-07-11', 8 );
INSERT INTO itmob.events ( id, event, description, create_date, owner_id, event_date, event_type ) VALUES ( 8, 'Inhupimentor WorldWide Company', 'Anne bought new car. Anne is shopping. John is shopping. John bought new car. John has free time. ', '2004-07-18', 15, '2008-12-21', 0 );
INSERT INTO itmob.events ( id, event, description, create_date, owner_id, event_date, event_type ) VALUES ( 9, 'Klinipentor WorldWide ', 'John bought new car. John is walking. Tony is walking. ', '2017-01-17', 92, '2008-07-20', 9 );
INSERT INTO itmob.events ( id, event, description, create_date, owner_id, event_date, event_type ) VALUES ( 10, 'Barwerilicator Direct Company', 'Anne bought new car. Anne is walking. ', '2013-03-16', 76, '2013-12-14', 5 );
INSERT INTO itmob.events ( id, event, description, create_date, owner_id, event_date, event_type ) VALUES ( 11, 'Thrudimazz International Inc', 'Tony bought new car. Anne is walking. ', '2007-01-21', 0, '2015-01-19', 5 );
INSERT INTO itmob.events ( id, event, description, create_date, owner_id, event_date, event_type ) VALUES ( 12, 'Winvenackazz Direct ', 'Tony has free time. Anne is walking. ', '2016-02-18', 73, '2005-07-22', 4 );
INSERT INTO itmob.events ( id, event, description, create_date, owner_id, event_date, event_type ) VALUES ( 13, 'Surpickollazz WorldWide ', 'John is walking. Anne has free time. Tony has free time. ', '2001-04-30', 95, '2006-11-30', 9 );
INSERT INTO itmob.events ( id, event, description, create_date, owner_id, event_date, event_type ) VALUES ( 14, 'Retanplax Holdings Corp.', 'Anne bought new car. Anne bought new car. ', '2000-08-05', 82, '2015-03-14', 6 );
INSERT INTO itmob.events ( id, event, description, create_date, owner_id, event_date, event_type ) VALUES ( 15, 'Rekilicor WorldWide ', 'Anne has free time. Anne bought new car. Anne is shopping. Anne has free time. Tony bought new car. ', '2008-03-25', 18, '2016-10-12', 5 );
INSERT INTO itmob.events ( id, event, description, create_date, owner_id, event_date, event_type ) VALUES ( 16, 'Emwerupazz Direct Inc', 'Anne bought new car. Tony is shopping. ', '2016-03-22', 32, '2004-05-20', 2 );
INSERT INTO itmob.events ( id, event, description, create_date, owner_id, event_date, event_type ) VALUES ( 17, 'Monhupamower Holdings Inc', 'Anne bought new car. Anne is walking. John bought new car. John is walking. John has free time. ', '2002-09-14', 75, '2009-04-01', 6 );
INSERT INTO itmob.events ( id, event, description, create_date, owner_id, event_date, event_type ) VALUES ( 18, 'Revenplar WorldWide Corp.', 'Tony has free time. Tony has free time. ', '2018-11-28', 28, '2018-05-29', 3 );
INSERT INTO itmob.events ( id, event, description, create_date, owner_id, event_date, event_type ) VALUES ( 19, 'Klisapepower WorldWide Inc', 'Anne bought new car. John has free time. Tony bought new car. Anne bought new car. Anne bought new car. ', '2017-04-18', 23, '2014-08-18', 5 );
INSERT INTO itmob.events ( id, event, description, create_date, owner_id, event_date, event_type ) VALUES ( 20, 'Barglibazz WorldWide Company', 'John has free time. Tony bought new car. Tony bought new car. Tony has free time. John is walking. ', '2003-01-20', 80, '2017-09-20', 3 );
INSERT INTO itmob.events ( id, event, description, create_date, owner_id, event_date, event_type ) VALUES ( 21, 'Lomhupplistor Direct Company', 'Anne is walking. Anne bought new car. ', '2014-03-28', 75, '2006-05-12', 1 );
INSERT INTO itmob.events ( id, event, description, create_date, owner_id, event_date, event_type ) VALUES ( 22, 'Cippickupex Holdings Inc', 'Anne bought new car. Anne is shopping. John bought new car. John bought new car. Anne is shopping. ', '2018-03-16', 78, '2004-06-09', 2 );
INSERT INTO itmob.events ( id, event, description, create_date, owner_id, event_date, event_type ) VALUES ( 23, 'Unzapistor Direct Group', 'John is shopping. Anne is shopping. John is walking. Tony bought new car. John has free time. ', '2011-07-14', 89, '2006-06-30', 3 );
INSERT INTO itmob.events ( id, event, description, create_date, owner_id, event_date, event_type ) VALUES ( 24, 'Endglibanicator WorldWide Group', 'John is shopping. Anne has free time. John bought new car. Tony has free time. Tony has free time. ', '2019-12-25', 52, '2017-09-04', 6 );
INSERT INTO itmob.events ( id, event, description, create_date, owner_id, event_date, event_type ) VALUES ( 25, 'Qwivenazz WorldWide Inc', 'Tony bought new car. Anne is walking. Tony bought new car. John is walking. Tony bought new car. ', '2000-10-29', 5, '2000-06-26', 4 );
INSERT INTO itmob.events ( id, event, description, create_date, owner_id, event_date, event_type ) VALUES ( 26, 'Reglibupistor WorldWide Company', 'John bought new car. Anne has free time. ', '2010-10-19', 34, '2008-10-15', 4 );
INSERT INTO itmob.events ( id, event, description, create_date, owner_id, event_date, event_type ) VALUES ( 27, 'Emzapegentor Holdings Group', 'Anne has free time. John is walking. Anne has free time. John bought new car. Anne is walking. ', '2002-10-07', 48, '2006-05-03', 1 );
INSERT INTO itmob.events ( id, event, description, create_date, owner_id, event_date, event_type ) VALUES ( 28, 'Adcadplar Holdings Corp.', 'Anne bought new car. Tony is walking. ', '2019-07-20', 90, '2007-11-09', 0 );
INSERT INTO itmob.events ( id, event, description, create_date, owner_id, event_date, event_type ) VALUES ( 29, 'Unwerower WorldWide Inc', 'Anne has free time. John is walking. Tony bought new car. ', '2009-08-01', 57, '2013-03-09', 3 );
INSERT INTO itmob.events ( id, event, description, create_date, owner_id, event_date, event_type ) VALUES ( 30, 'Parzapommicator WorldWide Corp.', 'Anne has free time. John is walking. Tony has free time. Tony bought new car. ', '2003-03-03', 55, '2019-11-23', 2 );
INSERT INTO itmob.events ( id, event, description, create_date, owner_id, event_date, event_type ) VALUES ( 31, 'Doperover Holdings Company', 'Tony bought new car. Anne has free time. ', '2010-11-07', 57, '2013-04-19', 6 );
INSERT INTO itmob.events ( id, event, description, create_date, owner_id, event_date, event_type ) VALUES ( 32, 'Endkilupistor Holdings Company', 'John bought new car. Tony has free time. Tony has free time. ', '2010-12-25', 89, '2017-08-18', 3 );
INSERT INTO itmob.events ( id, event, description, create_date, owner_id, event_date, event_type ) VALUES ( 33, 'Zeesipplin Direct Inc', 'Tony has free time. Tony has free time. Tony bought new car. Anne has free time. Anne has free time. ', '2009-04-08', 21, '2003-12-31', 1 );
INSERT INTO itmob.events ( id, event, description, create_date, owner_id, event_date, event_type ) VALUES ( 34, 'Parkilepar Direct Company', 'John bought new car. John is shopping. John bought new car. ', '2001-11-14', 32, '2005-08-30', 8 );
INSERT INTO itmob.events ( id, event, description, create_date, owner_id, event_date, event_type ) VALUES ( 35, 'Cipglibover Holdings ', 'Anne is walking. Tony bought new car. John bought new car. Tony bought new car. Tony has free time. ', '2016-03-15', 14, '2013-04-18', 0 );
INSERT INTO itmob.events ( id, event, description, create_date, owner_id, event_date, event_type ) VALUES ( 36, 'Thrumunepin WorldWide ', 'John bought new car. Anne bought new car. John bought new car. ', '2008-11-12', 68, '2004-12-15', 8 );
INSERT INTO itmob.events ( id, event, description, create_date, owner_id, event_date, event_type ) VALUES ( 37, 'Tupquestupazz Holdings Group', 'Tony has free time. Tony has free time. John is walking. Tony has free time. Tony has free time. ', '2008-02-12', 93, '2001-03-15', 1 );
INSERT INTO itmob.events ( id, event, description, create_date, owner_id, event_date, event_type ) VALUES ( 38, 'Frokilplor WorldWide Inc', 'John bought new car. John bought new car. John is walking. John is shopping. ', '2008-04-03', 56, '2011-11-15', 4 );
INSERT INTO itmob.events ( id, event, description, create_date, owner_id, event_date, event_type ) VALUES ( 39, 'Parhupplar Holdings ', 'Tony has free time. Anne has free time. Tony is shopping. ', '2001-06-25', 29, '2009-10-16', 5 );
INSERT INTO itmob.events ( id, event, description, create_date, owner_id, event_date, event_type ) VALUES ( 40, 'Parjubplin Holdings Company', 'John has free time. John bought new car. John is walking. Anne has free time. Tony has free time. ', '2005-09-23', 81, '2010-03-28', 8 );
INSERT INTO itmob.events ( id, event, description, create_date, owner_id, event_date, event_type ) VALUES ( 41, 'Lomerentor Direct Inc', 'Tony has free time. John bought new car. Tony bought new car. ', '2018-07-11', 33, '2009-12-18', 6 );
INSERT INTO itmob.events ( id, event, description, create_date, owner_id, event_date, event_type ) VALUES ( 42, 'Hapglibistor WorldWide Group', 'Tony has free time. Anne is shopping. John is walking. Tony has free time. Tony has free time. ', '2003-05-21', 72, '2001-07-18', 1 );
INSERT INTO itmob.events ( id, event, description, create_date, owner_id, event_date, event_type ) VALUES ( 43, 'Hapdimegicator WorldWide Inc', 'Anne is shopping. Anne has free time. John bought new car. Tony has free time. Anne has free time. ', '2014-08-11', 61, '2011-01-26', 8 );
INSERT INTO itmob.events ( id, event, description, create_date, owner_id, event_date, event_type ) VALUES ( 44, 'Monpebplistor WorldWide Inc', 'Anne has free time. Tony is walking. Tony has free time. John has free time. ', '2009-09-30', 71, '2000-10-20', 9 );
INSERT INTO itmob.events ( id, event, description, create_date, owner_id, event_date, event_type ) VALUES ( 45, 'Undimplover International Company', 'Anne has free time. Tony is shopping. John bought new car. Tony bought new car. John has free time. ', '2002-03-11', 5, '2006-10-01', 4 );
INSERT INTO itmob.events ( id, event, description, create_date, owner_id, event_date, event_type ) VALUES ( 46, 'Hapvenplar Holdings Corp.', 'Anne bought new car. Anne bought new car. John bought new car. Tony has free time. Tony is shopping. ', '2018-11-11', 45, '2013-08-29', 2 );
INSERT INTO itmob.events ( id, event, description, create_date, owner_id, event_date, event_type ) VALUES ( 47, 'Klitanupan International Group', 'John has free time. Anne is walking. Anne bought new car. ', '2002-05-02', 53, '2016-09-26', 6 );
INSERT INTO itmob.events ( id, event, description, create_date, owner_id, event_date, event_type ) VALUES ( 48, 'Parjubplicator WorldWide ', 'Anne bought new car. Tony has free time. ', '2017-10-23', 62, '2009-01-05', 1 );
INSERT INTO itmob.events ( id, event, description, create_date, owner_id, event_date, event_type ) VALUES ( 49, 'Truzapupistor Direct Group', 'Anne bought new car. Anne bought new car. John bought new car. Tony bought new car. John bought new car. ', '2006-05-31', 68, '2009-06-23', 7 );
INSERT INTO itmob.event_location ( event_id, address, coordinates, detail ) VALUES ( 0, '423 South White Cowley Parkway', '(49892,7906)', 'Anne bought new car. Anne is shopping. Tony bought new car. Tony is walking. Tony has free time. ' );
INSERT INTO itmob.event_location ( event_id, address, coordinates, detail ) VALUES ( 1, '164 South Rocky Hague Blvd.', '(956372,52666)', 'John is shopping. John is shopping. John bought new car. John is walking. ' );
INSERT INTO itmob.event_location ( event_id, address, coordinates, detail ) VALUES ( 2, '543 North Green Hague Way', '(8671,082521)', 'Anne bought new car. Anne is walking. John bought new car. John has free time. Tony is walking. ' );
INSERT INTO itmob.event_location ( event_id, address, coordinates, detail ) VALUES ( 3, '74 East Green Clarendon Way', '(3437,58544774)', 'John bought new car. Anne is walking. Anne is walking. John is shopping. John is shopping. ' );
INSERT INTO itmob.event_location ( event_id, address, coordinates, detail ) VALUES ( 4, '78 North Green Old Way', NULL, 'Tony bought new car. Tony has free time. Tony bought new car. ' );
INSERT INTO itmob.event_location ( event_id, address, coordinates, detail ) VALUES ( 5, '351 South Rocky Milton Freeway', '(8236,82778)', 'Anne bought new car. Tony is shopping. Tony is shopping. Tony has free time. Anne bought new car. ' );
INSERT INTO itmob.event_location ( event_id, address, coordinates, detail ) VALUES ( 6, '47 East Green Old Way', '(7650,36248)', 'Anne bought new car. Anne has free time. John bought new car. ' );
INSERT INTO itmob.event_location ( event_id, address, coordinates, detail ) VALUES ( 7, '13 South Green Milton Parkway', '(98848,0858)', 'John is shopping. John bought new car. ' );
INSERT INTO itmob.event_location ( event_id, address, coordinates, detail ) VALUES ( 8, '263 North Rocky Hague Road', '(83347,8238)', 'Anne bought new car. Anne bought new car. Tony bought new car. John bought new car. ' );
INSERT INTO itmob.event_location ( event_id, address, coordinates, detail ) VALUES ( 9, '275 West Rocky Cowley Way', '(6010,449598)', 'Anne bought new car. Anne is shopping. John bought new car. Tony has free time. John is walking. ' );
INSERT INTO itmob.event_location ( event_id, address, coordinates, detail ) VALUES ( 10, NULL, '(5546,43646729)', 'Tony has free time. Anne is walking. John bought new car. Tony bought new car. Tony is shopping. ' );
INSERT INTO itmob.event_location ( event_id, address, coordinates, detail ) VALUES ( 11, '85 West Green First Street', '(11513757,94633177)', 'John is walking. John bought new car. John has free time. John has free time. John has free time. ' );
INSERT INTO itmob.event_location ( event_id, address, coordinates, detail ) VALUES ( 12, '856 East Green New Way', '(6716,74140)', 'Tony bought new car. Tony is walking. Tony bought new car. Tony has free time. ' );
INSERT INTO itmob.event_location ( event_id, address, coordinates, detail ) VALUES ( 13, '23 North Green First St.', '(008221051,3054)', 'Anne has free time. Anne bought new car. Tony bought new car. ' );
INSERT INTO itmob.event_location ( event_id, address, coordinates, detail ) VALUES ( 14, '273 South Green Hague Street', '(7329,6951)', NULL );
INSERT INTO itmob.event_location ( event_id, address, coordinates, detail ) VALUES ( 15, '47 South Green First Avenue', '(2128,7115)', 'Anne is walking. Tony has free time. Tony has free time. ' );
INSERT INTO itmob.event_location ( event_id, address, coordinates, detail ) VALUES ( 16, '671 South Green Milton St.', '(62119,82203)', 'Tony is shopping. Anne is walking. Tony is shopping. Tony bought new car. John has free time. ' );
INSERT INTO itmob.event_location ( event_id, address, coordinates, detail ) VALUES ( 17, '85 West Rocky New Parkway', '(1182,5862)', NULL );
INSERT INTO itmob.event_location ( event_id, address, coordinates, detail ) VALUES ( 18, '345 East White Clarendon Avenue', '(6321,7246)', 'Anne bought new car. Anne bought new car. Tony bought new car. ' );
INSERT INTO itmob.event_location ( event_id, address, coordinates, detail ) VALUES ( 19, '457 East White Fabien Way', NULL, 'John is walking. Anne is walking. John is shopping. Tony has free time. John has free time. ' );
INSERT INTO itmob.event_location ( event_id, address, coordinates, detail ) VALUES ( 20, '216 South White Nobel Freeway', '(6721,5135)', 'Tony bought new car. Tony is walking. ' );
INSERT INTO itmob.event_location ( event_id, address, coordinates, detail ) VALUES ( 21, '141 North White Hague Freeway', '(8903,4931)', 'Tony bought new car. Tony is walking. John bought new car. Anne has free time. Tony is walking. ' );
INSERT INTO itmob.event_location ( event_id, address, coordinates, detail ) VALUES ( 22, '41 East Green First Drive', '(5825,182506)', NULL );
INSERT INTO itmob.event_location ( event_id, address, coordinates, detail ) VALUES ( 23, '419 North White New Road', '(28354,7769)', 'Tony bought new car. John bought new car. John bought new car. Tony has free time. ' );
INSERT INTO itmob.event_location ( event_id, address, coordinates, detail ) VALUES ( 24, '61 North Rocky Second Blvd.', '(9843,3403)', 'Tony has free time. John is walking. John bought new car. Tony bought new car. ' );
INSERT INTO itmob.event_location ( event_id, address, coordinates, detail ) VALUES ( 25, '67 North Green New Freeway', '(3473,562234)', 'Tony bought new car. John is walking. ' );
INSERT INTO itmob.event_location ( event_id, address, coordinates, detail ) VALUES ( 26, '496 South Rocky Nobel Way', '(54765,2190)', 'John is shopping. Anne has free time. John bought new car. Tony is shopping. Anne bought new car. ' );
INSERT INTO itmob.event_location ( event_id, address, coordinates, detail ) VALUES ( 27, '780 North White First St.', NULL, 'Tony bought new car. John bought new car. ' );
INSERT INTO itmob.event_location ( event_id, address, coordinates, detail ) VALUES ( 28, '84 North Rocky New Way', '(58652,77455)', NULL );
INSERT INTO itmob.event_location ( event_id, address, coordinates, detail ) VALUES ( 29, '21 North Green Nobel Freeway', '(6526,2782)', 'Anne is shopping. Anne is walking. Tony has free time. Anne bought new car. John has free time. ' );
INSERT INTO itmob.event_location ( event_id, address, coordinates, detail ) VALUES ( 30, NULL, '(83656,623583)', NULL );
INSERT INTO itmob.event_location ( event_id, address, coordinates, detail ) VALUES ( 31, '47 South Green Milton Drive', '(0696,11444)', 'John bought new car. Anne has free time. John has free time. Tony bought new car. John bought new car. ' );
INSERT INTO itmob.event_location ( event_id, address, coordinates, detail ) VALUES ( 32, '562 West Green New Blvd.', '(363413,6871)', 'John has free time. Tony is walking. John bought new car. Anne bought new car. John is shopping. ' );
INSERT INTO itmob.event_location ( event_id, address, coordinates, detail ) VALUES ( 33, '761 North White Hague Road', '(464342,22926)', 'John bought new car. Anne is shopping. Tony bought new car. John is shopping. Anne has free time. ' );
INSERT INTO itmob.event_location ( event_id, address, coordinates, detail ) VALUES ( 34, '76 South Rocky Milton Parkway', '(212158,3729845)', 'John has free time. Anne is walking. Anne has free time. Tony bought new car. John is shopping. ' );
INSERT INTO itmob.event_location ( event_id, address, coordinates, detail ) VALUES ( 35, '226 South Green First Blvd.', '(925131,915221129)', 'Anne has free time. John is walking. Tony is shopping. Anne bought new car. Tony is walking. ' );
INSERT INTO itmob.event_location ( event_id, address, coordinates, detail ) VALUES ( 36, NULL, '(5933,638662)', 'Anne has free time. Anne has free time. Anne bought new car. John bought new car. ' );
INSERT INTO itmob.event_location ( event_id, address, coordinates, detail ) VALUES ( 37, '757 North Rocky Second Freeway', '(4114,226315)', 'Anne bought new car. Tony has free time. John is shopping. Tony has free time. ' );
INSERT INTO itmob.event_location ( event_id, address, coordinates, detail ) VALUES ( 38, '608 West Green Milton St.', NULL, 'Tony is walking. Tony is shopping. Tony has free time. John is shopping. John has free time. ' );
INSERT INTO itmob.event_location ( event_id, address, coordinates, detail ) VALUES ( 39, '34 West Green Fabien Drive', '(4337,9735)', NULL );
INSERT INTO itmob.event_location ( event_id, address, coordinates, detail ) VALUES ( 40, '750 East White Hague Way', '(432343,5359338)', 'Tony is walking. John is walking. ' );
INSERT INTO itmob.event_location ( event_id, address, coordinates, detail ) VALUES ( 41, NULL, NULL, 'Tony bought new car. Tony has free time. Tony bought new car. ' );
INSERT INTO itmob.event_location ( event_id, address, coordinates, detail ) VALUES ( 42, '34 South Rocky Milton Avenue', '(72257333,32255)', 'John bought new car. Anne is shopping. John bought new car. John has free time. Tony has free time. ' );
INSERT INTO itmob.event_location ( event_id, address, coordinates, detail ) VALUES ( 43, NULL, '(7861,744727)', 'Tony bought new car. Anne is shopping. Tony is walking. ' );
INSERT INTO itmob.event_location ( event_id, address, coordinates, detail ) VALUES ( 44, '83 South Rocky First Parkway', '(281818,85667)', 'John bought new car. Anne has free time. Tony is walking. John is shopping. Anne bought new car. ' );
INSERT INTO itmob.event_location ( event_id, address, coordinates, detail ) VALUES ( 45, '735 West Rocky Milton Freeway', '(185944611,47273)', 'Anne is walking. Anne is shopping. John is walking. Tony is walking. John has free time. ' );
INSERT INTO itmob.event_location ( event_id, address, coordinates, detail ) VALUES ( 46, '24 North Rocky First Drive', '(62788,95236)', 'Anne has free time. Tony is walking. John bought new car. Anne has free time. Anne has free time. ' );
INSERT INTO itmob.event_location ( event_id, address, coordinates, detail ) VALUES ( 47, '647 North Green Old Boulevard', '(1985,17392)', 'Anne bought new car. John has free time. John has free time. Tony has free time. ' );
INSERT INTO itmob.event_location ( event_id, address, coordinates, detail ) VALUES ( 48, '56 East Rocky Milton Way', '(6128263,3665)', 'Anne is walking. Anne is walking. John bought new car. Tony is walking. Anne has free time. ' );
INSERT INTO itmob.event_location ( event_id, address, coordinates, detail ) VALUES ( 49, '824 North White Hague Drive', '(7277,288630)', 'Tony has free time. Anne bought new car. John has free time. Anne bought new car. ' );
INSERT INTO itmob.event_members ( event_id, user_id ) VALUES ( 36, 73 );
INSERT INTO itmob.event_members ( event_id, user_id ) VALUES ( 12, 41 );
INSERT INTO itmob.event_members ( event_id, user_id ) VALUES ( 31, 20 );
INSERT INTO itmob.event_members ( event_id, user_id ) VALUES ( 27, 33 );
INSERT INTO itmob.event_members ( event_id, user_id ) VALUES ( 29, 96 );
INSERT INTO itmob.event_members ( event_id, user_id ) VALUES ( 16, 0 );
INSERT INTO itmob.event_members ( event_id, user_id ) VALUES ( 19, 96 );
INSERT INTO itmob.event_members ( event_id, user_id ) VALUES ( 49, 93 );
INSERT INTO itmob.event_members ( event_id, user_id ) VALUES ( 43, 94 );
INSERT INTO itmob.event_members ( event_id, user_id ) VALUES ( 47, 93 );
INSERT INTO itmob.event_members ( event_id, user_id ) VALUES ( 13, 39 );
INSERT INTO itmob.event_members ( event_id, user_id ) VALUES ( 6, 34 );
INSERT INTO itmob.event_members ( event_id, user_id ) VALUES ( 7, 29 );
INSERT INTO itmob.event_members ( event_id, user_id ) VALUES ( 1, 50 );
INSERT INTO itmob.event_members ( event_id, user_id ) VALUES ( 27, 11 );
INSERT INTO itmob.event_members ( event_id, user_id ) VALUES ( 48, 77 );
INSERT INTO itmob.event_members ( event_id, user_id ) VALUES ( 5, 65 );
INSERT INTO itmob.event_members ( event_id, user_id ) VALUES ( 31, 15 );
INSERT INTO itmob.event_members ( event_id, user_id ) VALUES ( 20, 37 );
INSERT INTO itmob.event_members ( event_id, user_id ) VALUES ( 38, 13 );
INSERT INTO itmob.event_comments ( id, event_id, "comment", create_date, owner_id, parent_id ) VALUES ( 0, 36, 'Anne is walking. Anne bought new car. Tony bought new car. John is shopping. John has free time. ', '2014-08-15', 73, 73 );
INSERT INTO itmob.event_comments ( id, event_id, "comment", create_date, owner_id, parent_id ) VALUES ( 1, 20, 'Anne is walking. Anne is walking. John bought new car. Tony has free time. Anne has free time. ', '2011-04-01', 91, 8 );
INSERT INTO itmob.event_comments ( id, event_id, "comment", create_date, owner_id, parent_id ) VALUES ( 2, 10, 'John bought new car. John bought new car. John bought new car. Tony has free time. Anne has free time. ', '2001-06-02', 91, 48 );
INSERT INTO itmob.event_comments ( id, event_id, "comment", create_date, owner_id, parent_id ) VALUES ( 3, 16, 'John bought new car. Tony is walking. John is walking. John has free time. Tony has free time. ', '2016-02-08', 67, 46 );
INSERT INTO itmob.event_comments ( id, event_id, "comment", create_date, owner_id, parent_id ) VALUES ( 4, 48, 'Anne has free time. Anne bought new car. John is walking. John has free time. ', '2001-05-05', 7, 44 );
INSERT INTO itmob.event_comments ( id, event_id, "comment", create_date, owner_id, parent_id ) VALUES ( 5, 0, 'Anne bought new car. Anne is shopping. Tony is shopping. John is walking. Anne is walking. ', '2011-08-21', 2, 69 );
INSERT INTO itmob.event_comments ( id, event_id, "comment", create_date, owner_id, parent_id ) VALUES ( 6, 48, 'John is walking. John has free time. ', '2015-05-13', 69, 27 );
INSERT INTO itmob.event_comments ( id, event_id, "comment", create_date, owner_id, parent_id ) VALUES ( 7, 46, 'Anne bought new car. Tony bought new car. ', '2011-07-03', 80, 75 );
INSERT INTO itmob.event_comments ( id, event_id, "comment", create_date, owner_id, parent_id ) VALUES ( 8, 47, 'Anne bought new car. Anne is shopping. John is shopping. John bought new car. John has free time. ', '2004-07-18', 15, 21 );
INSERT INTO itmob.event_comments ( id, event_id, "comment", create_date, owner_id, parent_id ) VALUES ( 9, 46, 'John bought new car. John is walking. Tony is walking. ', '2017-01-17', 92, 92 );
INSERT INTO itmob.event_comments ( id, event_id, "comment", create_date, owner_id, parent_id ) VALUES ( 10, 19, 'Anne bought new car. Anne is walking. ', '2013-03-16', 76, 88 );
INSERT INTO itmob.event_comments ( id, event_id, "comment", create_date, owner_id, parent_id ) VALUES ( 11, 17, 'Tony bought new car. Anne is walking. ', '2007-01-21', 0, 22 );
INSERT INTO itmob.event_comments ( id, event_id, "comment", create_date, owner_id, parent_id ) VALUES ( 12, 14, 'Tony has free time. Anne is walking. ', '2016-02-18', 73, 88 );
INSERT INTO itmob.event_comments ( id, event_id, "comment", create_date, owner_id, parent_id ) VALUES ( 13, 25, 'John is walking. Anne has free time. Tony has free time. ', '2001-04-30', 95, 43 );
INSERT INTO itmob.event_comments ( id, event_id, "comment", create_date, owner_id, parent_id ) VALUES ( 14, 5, 'Anne bought new car. Anne bought new car. ', '2000-08-05', 82, 39 );
INSERT INTO itmob.event_comments ( id, event_id, "comment", create_date, owner_id, parent_id ) VALUES ( 15, 38, 'Anne has free time. Anne bought new car. Anne is shopping. Anne has free time. Tony bought new car. ', '2008-03-25', 18, 99 );
INSERT INTO itmob.event_comments ( id, event_id, "comment", create_date, owner_id, parent_id ) VALUES ( 16, 32, 'Anne bought new car. Tony is shopping. ', '2016-03-22', 32, 88 );
INSERT INTO itmob.event_comments ( id, event_id, "comment", create_date, owner_id, parent_id ) VALUES ( 17, 7, 'Anne bought new car. Anne is walking. John bought new car. John is walking. John has free time. ', '2002-09-14', 75, 28 );
INSERT INTO itmob.event_comments ( id, event_id, "comment", create_date, owner_id, parent_id ) VALUES ( 18, 18, 'Tony has free time. Tony has free time. ', '2018-11-28', 28, 24 );
INSERT INTO itmob.event_comments ( id, event_id, "comment", create_date, owner_id, parent_id ) VALUES ( 19, 6, 'Anne bought new car. John has free time. Tony bought new car. Anne bought new car. Anne bought new car. ', '2017-04-18', 23, 59 );
INSERT INTO itmob.event_comments ( id, event_id, "comment", create_date, owner_id, parent_id ) VALUES ( 20, 34, 'John has free time. Tony bought new car. Tony bought new car. Tony has free time. John is walking. ', '2003-01-20', 80, 51 );
INSERT INTO itmob.event_comments ( id, event_id, "comment", create_date, owner_id, parent_id ) VALUES ( 21, 40, 'Anne is walking. Anne bought new car. ', '2014-03-28', 75, 7 );
INSERT INTO itmob.event_comments ( id, event_id, "comment", create_date, owner_id, parent_id ) VALUES ( 22, 0, 'Anne bought new car. Anne is shopping. John bought new car. John bought new car. Anne is shopping. ', '2018-03-16', 78, 4 );
INSERT INTO itmob.event_comments ( id, event_id, "comment", create_date, owner_id, parent_id ) VALUES ( 23, 26, 'John is shopping. Anne is shopping. John is walking. Tony bought new car. John has free time. ', '2011-07-14', 89, 68 );
INSERT INTO itmob.event_comments ( id, event_id, "comment", create_date, owner_id, parent_id ) VALUES ( 24, 37, 'John is shopping. Anne has free time. John bought new car. Tony has free time. Tony has free time. ', '2019-12-25', 52, 45 );
INSERT INTO itmob.event_comments ( id, event_id, "comment", create_date, owner_id, parent_id ) VALUES ( 25, 7, 'Tony bought new car. Anne is walking. Tony bought new car. John is walking. Tony bought new car. ', '2000-10-29', 5, 35 );
INSERT INTO itmob.event_comments ( id, event_id, "comment", create_date, owner_id, parent_id ) VALUES ( 26, 24, 'John bought new car. Anne has free time. ', '2010-10-19', 34, 30 );
INSERT INTO itmob.event_comments ( id, event_id, "comment", create_date, owner_id, parent_id ) VALUES ( 27, 27, 'Anne has free time. John is walking. Anne has free time. John bought new car. Anne is walking. ', '2002-10-07', 48, 12 );
INSERT INTO itmob.event_comments ( id, event_id, "comment", create_date, owner_id, parent_id ) VALUES ( 28, 28, 'Anne bought new car. Tony is walking. ', '2019-07-20', 90, 34 );
INSERT INTO itmob.event_comments ( id, event_id, "comment", create_date, owner_id, parent_id ) VALUES ( 29, 10, 'Anne has free time. John is walking. Tony bought new car. ', '2009-08-01', 57, 69 );
INSERT INTO itmob.event_comments ( id, event_id, "comment", create_date, owner_id, parent_id ) VALUES ( 30, 31, 'Anne has free time. John is walking. Tony has free time. Tony bought new car. ', '2003-03-03', 55, 20 );
INSERT INTO itmob.event_comments ( id, event_id, "comment", create_date, owner_id, parent_id ) VALUES ( 31, 9, 'Tony bought new car. Anne has free time. ', '2010-11-07', 57, 3 );
INSERT INTO itmob.event_comments ( id, event_id, "comment", create_date, owner_id, parent_id ) VALUES ( 32, 0, 'John bought new car. Tony has free time. Tony has free time. ', '2010-12-25', 89, 19 );
INSERT INTO itmob.event_comments ( id, event_id, "comment", create_date, owner_id, parent_id ) VALUES ( 33, 8, 'Tony has free time. Tony has free time. Tony bought new car. Anne has free time. Anne has free time. ', '2009-04-08', 21, 23 );
INSERT INTO itmob.event_comments ( id, event_id, "comment", create_date, owner_id, parent_id ) VALUES ( 34, 8, 'John bought new car. John is shopping. John bought new car. ', '2001-11-14', 32, 3 );
INSERT INTO itmob.event_comments ( id, event_id, "comment", create_date, owner_id, parent_id ) VALUES ( 35, 27, 'Anne is walking. Tony bought new car. John bought new car. Tony bought new car. Tony has free time. ', '2016-03-15', 14, 68 );
INSERT INTO itmob.event_comments ( id, event_id, "comment", create_date, owner_id, parent_id ) VALUES ( 36, 48, 'John bought new car. Anne bought new car. John bought new car. ', '2008-11-12', 68, 58 );
INSERT INTO itmob.event_comments ( id, event_id, "comment", create_date, owner_id, parent_id ) VALUES ( 37, 12, 'Tony has free time. Tony has free time. John is walking. Tony has free time. Tony has free time. ', '2008-02-12', 93, 83 );
INSERT INTO itmob.event_comments ( id, event_id, "comment", create_date, owner_id, parent_id ) VALUES ( 38, 19, 'John bought new car. John bought new car. John is walking. John is shopping. ', '2008-04-03', 56, 61 );
INSERT INTO itmob.event_comments ( id, event_id, "comment", create_date, owner_id, parent_id ) VALUES ( 39, 10, 'Tony has free time. Anne has free time. Tony is shopping. ', '2001-06-25', 29, 65 );
INSERT INTO itmob.event_comments ( id, event_id, "comment", create_date, owner_id, parent_id ) VALUES ( 40, 21, 'John has free time. John bought new car. John is walking. Anne has free time. Tony has free time. ', '2005-09-23', 81, 27 );
INSERT INTO itmob.event_comments ( id, event_id, "comment", create_date, owner_id, parent_id ) VALUES ( 41, 11, 'Tony has free time. John bought new car. Tony bought new car. ', '2018-07-11', 33, 70 );
INSERT INTO itmob.event_comments ( id, event_id, "comment", create_date, owner_id, parent_id ) VALUES ( 42, 44, 'Tony has free time. Anne is shopping. John is walking. Tony has free time. Tony has free time. ', '2003-05-21', 72, 99 );
INSERT INTO itmob.event_comments ( id, event_id, "comment", create_date, owner_id, parent_id ) VALUES ( 43, 1, 'Anne is shopping. Anne has free time. John bought new car. Tony has free time. Anne has free time. ', '2014-08-11', 61, 47 );
INSERT INTO itmob.event_comments ( id, event_id, "comment", create_date, owner_id, parent_id ) VALUES ( 44, 29, 'Anne has free time. Tony is walking. Tony has free time. John has free time. ', '2009-09-30', 71, 9 );
INSERT INTO itmob.event_comments ( id, event_id, "comment", create_date, owner_id, parent_id ) VALUES ( 45, 32, 'Anne has free time. Tony is shopping. John bought new car. Tony bought new car. John has free time. ', '2002-03-11', 5, 85 );
INSERT INTO itmob.event_comments ( id, event_id, "comment", create_date, owner_id, parent_id ) VALUES ( 46, 5, 'Anne bought new car. Anne bought new car. John bought new car. Tony has free time. Tony is shopping. ', '2018-11-11', 45, 56 );
INSERT INTO itmob.event_comments ( id, event_id, "comment", create_date, owner_id, parent_id ) VALUES ( 47, 32, 'John has free time. Anne is walking. Anne bought new car. ', '2002-05-02', 53, 49 );
INSERT INTO itmob.event_comments ( id, event_id, "comment", create_date, owner_id, parent_id ) VALUES ( 48, 49, 'Anne bought new car. Tony has free time. ', '2017-10-23', 62, 83 );
INSERT INTO itmob.event_comments ( id, event_id, "comment", create_date, owner_id, parent_id ) VALUES ( 49, 10, 'Anne bought new car. Anne bought new car. John bought new car. Tony bought new car. John bought new car. ', '2006-05-31', 68, 18 );
INSERT INTO itmob.event_comments ( id, event_id, "comment", create_date, owner_id, parent_id ) VALUES ( 50, 18, 'John bought new car. Anne bought new car. Tony bought new car. ', '2010-09-18', 86, 2 );
INSERT INTO itmob.event_comments ( id, event_id, "comment", create_date, owner_id, parent_id ) VALUES ( 51, 23, 'Tony has free time. Anne is walking. Tony has free time. Tony has free time. ', '2010-12-27', 50, 18 );
INSERT INTO itmob.event_comments ( id, event_id, "comment", create_date, owner_id, parent_id ) VALUES ( 52, 16, 'Tony bought new car. Anne has free time. Tony has free time. Tony has free time. Anne is shopping. ', '2011-06-08', 49, 88 );
INSERT INTO itmob.event_comments ( id, event_id, "comment", create_date, owner_id, parent_id ) VALUES ( 53, 22, 'John is walking. Anne is walking. Tony has free time. Anne has free time. Tony bought new car. ', '2007-07-10', 73, 15 );
INSERT INTO itmob.event_comments ( id, event_id, "comment", create_date, owner_id, parent_id ) VALUES ( 54, 25, 'John has free time. John is walking. John bought new car. Anne has free time. Tony has free time. ', '2005-01-30', 83, 94 );
INSERT INTO itmob.event_comments ( id, event_id, "comment", create_date, owner_id, parent_id ) VALUES ( 55, 49, 'Anne is shopping. Anne has free time. Tony bought new car. Tony has free time. John has free time. ', '2007-03-05', 43, 57 );
INSERT INTO itmob.event_comments ( id, event_id, "comment", create_date, owner_id, parent_id ) VALUES ( 56, 31, 'Tony bought new car. Anne is walking. Anne bought new car. Tony has free time. John is walking. ', '2013-10-25', 16, 0 );
INSERT INTO itmob.event_comments ( id, event_id, "comment", create_date, owner_id, parent_id ) VALUES ( 57, 45, 'John bought new car. Anne is walking. John bought new car. John is shopping. ', '2002-09-30', 65, 57 );
INSERT INTO itmob.event_comments ( id, event_id, "comment", create_date, owner_id, parent_id ) VALUES ( 58, 25, 'Anne is walking. Anne is shopping. Anne bought new car. John is shopping. Anne bought new car. ', '2019-03-23', 38, 0 );
INSERT INTO itmob.event_comments ( id, event_id, "comment", create_date, owner_id, parent_id ) VALUES ( 59, 24, 'Anne bought new car. Tony bought new car. John is walking. John bought new car. John is shopping. ', '2001-12-16', 45, 77 );
INSERT INTO itmob.event_comments ( id, event_id, "comment", create_date, owner_id, parent_id ) VALUES ( 60, 21, 'Tony is walking. Anne is shopping. John bought new car. John has free time. Tony has free time. ', '2006-09-04', 82, 29 );
INSERT INTO itmob.event_comments ( id, event_id, "comment", create_date, owner_id, parent_id ) VALUES ( 61, 15, 'Tony bought new car. Tony has free time. John is shopping. ', '2008-06-21', 5, 64 );
INSERT INTO itmob.event_comments ( id, event_id, "comment", create_date, owner_id, parent_id ) VALUES ( 62, 35, 'Tony is walking. Tony is shopping. ', '2005-03-14', 83, 87 );
INSERT INTO itmob.event_comments ( id, event_id, "comment", create_date, owner_id, parent_id ) VALUES ( 63, 48, 'Tony bought new car. John has free time. Anne is shopping. Tony has free time. John is shopping. ', '2006-10-25', 43, 59 );
INSERT INTO itmob.event_comments ( id, event_id, "comment", create_date, owner_id, parent_id ) VALUES ( 64, 10, 'Anne is walking. Anne is shopping. ', '2008-05-21', 51, 28 );
INSERT INTO itmob.event_comments ( id, event_id, "comment", create_date, owner_id, parent_id ) VALUES ( 65, 8, 'John is shopping. John is walking. ', '2008-11-24', 30, 1 );
INSERT INTO itmob.event_comments ( id, event_id, "comment", create_date, owner_id, parent_id ) VALUES ( 66, 27, 'Anne has free time. Anne is walking. Tony has free time. John has free time. John has free time. ', '2002-07-05', 63, 33 );
INSERT INTO itmob.event_comments ( id, event_id, "comment", create_date, owner_id, parent_id ) VALUES ( 67, 27, 'Anne is walking. Anne is walking. Tony bought new car. ', '2004-08-22', 71, 77 );
INSERT INTO itmob.event_comments ( id, event_id, "comment", create_date, owner_id, parent_id ) VALUES ( 68, 29, 'Anne bought new car. Anne bought new car. John is walking. Tony bought new car. Anne is shopping. ', '2014-12-16', 37, 97 );
INSERT INTO itmob.event_comments ( id, event_id, "comment", create_date, owner_id, parent_id ) VALUES ( 69, 39, 'Tony has free time. Anne has free time. John bought new car. John has free time. Tony has free time. ', '2001-03-21', 24, 6 );
INSERT INTO itmob.event_comments ( id, event_id, "comment", create_date, owner_id, parent_id ) VALUES ( 70, 34, 'Anne bought new car. Anne is shopping. ', '2009-05-15', 73, 8 );
INSERT INTO itmob.event_comments ( id, event_id, "comment", create_date, owner_id, parent_id ) VALUES ( 71, 10, 'Anne is shopping. Anne is walking. Anne is walking. Anne has free time. Anne has free time. ', '2004-02-22', 67, 83 );
INSERT INTO itmob.event_comments ( id, event_id, "comment", create_date, owner_id, parent_id ) VALUES ( 72, 12, 'Tony bought new car. John is walking. ', '2003-05-20', 80, 98 );
INSERT INTO itmob.event_comments ( id, event_id, "comment", create_date, owner_id, parent_id ) VALUES ( 73, 38, 'Anne bought new car. Tony is walking. Tony bought new car. Tony is shopping. John is walking. ', '2004-12-22', 2, 77 );
INSERT INTO itmob.event_comments ( id, event_id, "comment", create_date, owner_id, parent_id ) VALUES ( 74, 11, 'Anne has free time. Anne bought new car. ', '2009-01-10', 44, 19 );
INSERT INTO itmob.event_comments ( id, event_id, "comment", create_date, owner_id, parent_id ) VALUES ( 75, 49, 'John is walking. John has free time. ', '2008-07-06', 1, 2 );
INSERT INTO itmob.event_comments ( id, event_id, "comment", create_date, owner_id, parent_id ) VALUES ( 76, 40, 'John bought new car. Anne is shopping. John is shopping. ', '2005-08-29', 24, 6 );
INSERT INTO itmob.event_comments ( id, event_id, "comment", create_date, owner_id, parent_id ) VALUES ( 77, 41, 'Tony bought new car. Anne has free time. Tony is walking. John has free time. ', '2007-05-06', 4, 11 );
INSERT INTO itmob.event_comments ( id, event_id, "comment", create_date, owner_id, parent_id ) VALUES ( 78, 8, 'Anne has free time. John has free time. ', '2010-01-08', 14, 80 );
INSERT INTO itmob.event_comments ( id, event_id, "comment", create_date, owner_id, parent_id ) VALUES ( 79, 31, 'Anne has free time. Tony has free time. John bought new car. ', '2009-03-01', 78, 16 );
INSERT INTO itmob.event_comments ( id, event_id, "comment", create_date, owner_id, parent_id ) VALUES ( 80, 0, 'Tony bought new car. Tony has free time. Tony is shopping. John bought new car. Anne has free time. ', '2010-03-22', 10, 80 );
INSERT INTO itmob.event_comments ( id, event_id, "comment", create_date, owner_id, parent_id ) VALUES ( 81, 31, 'Anne has free time. John has free time. ', '2010-10-13', 97, 76 );
INSERT INTO itmob.event_comments ( id, event_id, "comment", create_date, owner_id, parent_id ) VALUES ( 82, 10, 'Anne bought new car. John bought new car. Anne bought new car. Tony has free time. Tony is shopping. ', '2009-12-19', 67, 83 );
INSERT INTO itmob.event_comments ( id, event_id, "comment", create_date, owner_id, parent_id ) VALUES ( 83, 44, 'Anne bought new car. Tony is shopping. John has free time. John has free time. John is walking. ', '2010-12-09', 49, 36 );
INSERT INTO itmob.event_comments ( id, event_id, "comment", create_date, owner_id, parent_id ) VALUES ( 84, 35, 'Anne bought new car. Anne has free time. Tony is shopping. ', '2006-09-15', 76, 11 );
INSERT INTO itmob.event_comments ( id, event_id, "comment", create_date, owner_id, parent_id ) VALUES ( 85, 36, 'Tony has free time. Tony is shopping. Anne bought new car. John is walking. Tony bought new car. ', '2014-01-19', 63, 26 );
INSERT INTO itmob.event_comments ( id, event_id, "comment", create_date, owner_id, parent_id ) VALUES ( 86, 25, 'Anne has free time. Anne is walking. John bought new car. Tony bought new car. ', '2006-05-24', 48, 14 );
INSERT INTO itmob.event_comments ( id, event_id, "comment", create_date, owner_id, parent_id ) VALUES ( 87, 49, 'Anne bought new car. Anne is walking. Tony bought new car. Anne is walking. John has free time. ', '2007-01-11', 93, 92 );
INSERT INTO itmob.event_comments ( id, event_id, "comment", create_date, owner_id, parent_id ) VALUES ( 88, 7, 'John bought new car. John has free time. Tony bought new car. Anne has free time. John bought new car. ', '2016-11-08', 68, 53 );
INSERT INTO itmob.event_comments ( id, event_id, "comment", create_date, owner_id, parent_id ) VALUES ( 89, 35, 'John is walking. John is shopping. Tony is shopping. ', '2005-11-17', 24, 42 );
INSERT INTO itmob.event_comments ( id, event_id, "comment", create_date, owner_id, parent_id ) VALUES ( 90, 41, 'Anne bought new car. Anne has free time. Tony has free time. Tony has free time. Tony bought new car. ', '2001-01-28', 53, 44 );
INSERT INTO itmob.event_comments ( id, event_id, "comment", create_date, owner_id, parent_id ) VALUES ( 91, 6, 'Anne bought new car. Anne is shopping. Tony bought new car. ', '2018-09-26', 66, 50 );
INSERT INTO itmob.event_comments ( id, event_id, "comment", create_date, owner_id, parent_id ) VALUES ( 92, 30, 'Tony bought new car. Tony bought new car. ', '2017-12-27', 84, 58 );
INSERT INTO itmob.event_comments ( id, event_id, "comment", create_date, owner_id, parent_id ) VALUES ( 93, 24, 'Anne has free time. Anne is shopping. ', '2016-10-02', 9, 96 );
INSERT INTO itmob.event_comments ( id, event_id, "comment", create_date, owner_id, parent_id ) VALUES ( 94, 4, 'Anne is walking. Anne bought new car. ', '2014-08-23', 67, 86 );
INSERT INTO itmob.event_comments ( id, event_id, "comment", create_date, owner_id, parent_id ) VALUES ( 95, 30, 'Anne is walking. Tony bought new car. John is walking. John has free time. Tony is shopping. ', '2018-05-06', 33, 90 );
INSERT INTO itmob.event_comments ( id, event_id, "comment", create_date, owner_id, parent_id ) VALUES ( 96, 1, 'Tony has free time. Tony bought new car. ', '2011-03-02', 17, 55 );
INSERT INTO itmob.event_comments ( id, event_id, "comment", create_date, owner_id, parent_id ) VALUES ( 97, 29, 'Anne has free time. Anne has free time. Tony is walking. Anne bought new car. ', '2018-09-06', 87, 96 );
INSERT INTO itmob.event_comments ( id, event_id, "comment", create_date, owner_id, parent_id ) VALUES ( 98, 3, 'Tony has free time. Anne has free time. Anne bought new car. John bought new car. John bought new car. ', '2004-05-16', 77, 33 );
INSERT INTO itmob.event_comments ( id, event_id, "comment", create_date, owner_id, parent_id ) VALUES ( 99, 3, 'John bought new car. John has free time. Tony bought new car. Anne bought new car. Tony has free time. ', '2002-04-18', 73, 28 );
